original_row_index,run_concurrency,offload_gb,true_label,policy,predicted_label,high_state_probability,held_out_concurrency
100,2,0,0,naive_threshold,0,,2
101,2,0,0,naive_threshold,0,,2
102,2,0,0,naive_threshold,0,,2
103,2,0,0,naive_threshold,0,,2
104,2,0,0,naive_threshold,0,,2
105,2,0,0,naive_threshold,0,,2
106,2,0,0,naive_threshold,0,,2
107,2,0,0,naive_threshold,0,,2
108,2,0,0,naive_threshold,0,,2
109,2,0,0,naive_threshold,0,,2
110,2,0,0,naive_threshold,0,,2
111,2,0,0,naive_threshold,0,,2
112,2,0,0,naive_threshold,0,,2
113,2,0,0,naive_threshold,0,,2
114,2,0,0,naive_threshold,0,,2
115,2,0,0,naive_threshold,0,,2
116,2,0,0,naive_threshold,0,,2
117,2,0,0,naive_threshold,0,,2
118,2,0,0,naive_threshold,0,,2
119,2,0,0,naive_threshold,0,,2
120,2,0,0,naive_threshold,0,,2
121,2,0,0,naive_threshold,0,,2
122,2,0,0,naive_threshold,0,,2
123,2,0,0,naive_threshold,0,,2
124,2,0,0,naive_threshold,0,,2
125,2,0,0,naive_threshold,0,,2
126,2,0,0,naive_threshold,0,,2
127,2,0,0,naive_threshold,0,,2
128,2,0,0,naive_threshold,0,,2
129,2,0,0,naive_threshold,0,,2
130,2,0,0,naive_threshold,0,,2
131,2,0,0,naive_threshold,0,,2
132,2,0,0,naive_threshold,0,,2
133,2,0,0,naive_threshold,0,,2
134,2,0,0,naive_threshold,0,,2
135,2,0,0,naive_threshold,0,,2
136,2,0,0,naive_threshold,0,,2
137,2,0,0,naive_threshold,0,,2
138,2,0,0,naive_threshold,0,,2
139,2,0,0,naive_threshold,0,,2
140,2,0,0,naive_threshold,0,,2
141,2,0,0,naive_threshold,0,,2
142,2,0,0,naive_threshold,0,,2
143,2,0,0,naive_threshold,0,,2
144,2,0,0,naive_threshold,0,,2
145,2,0,0,naive_threshold,0,,2
146,2,0,0,naive_threshold,0,,2
147,2,0,0,naive_threshold,0,,2
148,2,0,0,naive_threshold,0,,2
149,2,0,0,naive_threshold,0,,2
150,2,0,0,naive_threshold,0,,2
151,2,0,0,naive_threshold,0,,2
152,2,0,0,naive_threshold,0,,2
153,2,0,0,naive_threshold,0,,2
154,2,0,0,naive_threshold,0,,2
155,2,0,0,naive_threshold,0,,2
156,2,0,0,naive_threshold,0,,2
157,2,0,0,naive_threshold,0,,2
158,2,0,0,naive_threshold,0,,2
159,2,0,0,naive_threshold,0,,2
160,2,0,0,naive_threshold,0,,2
161,2,0,0,naive_threshold,0,,2
162,2,0,0,naive_threshold,0,,2
163,2,0,0,naive_threshold,0,,2
164,2,0,0,naive_threshold,0,,2
165,2,0,0,naive_threshold,0,,2
166,2,0,0,naive_threshold,0,,2
167,2,0,0,naive_threshold,0,,2
168,2,0,0,naive_threshold,0,,2
169,2,0,0,naive_threshold,0,,2
170,2,0,0,naive_threshold,0,,2
171,2,0,0,naive_threshold,0,,2
172,2,0,0,naive_threshold,0,,2
173,2,0,0,naive_threshold,0,,2
174,2,0,0,naive_threshold,0,,2
175,2,0,0,naive_threshold,0,,2
176,2,0,0,naive_threshold,0,,2
177,2,0,0,naive_threshold,0,,2
178,2,0,0,naive_threshold,0,,2
179,2,0,0,naive_threshold,0,,2
180,2,0,0,naive_threshold,0,,2
181,2,0,0,naive_threshold,0,,2
182,2,0,0,naive_threshold,0,,2
183,2,0,0,naive_threshold,0,,2
184,2,0,0,naive_threshold,0,,2
185,2,0,0,naive_threshold,0,,2
186,2,0,0,naive_threshold,0,,2
187,2,0,0,naive_threshold,0,,2
188,2,0,0,naive_threshold,0,,2
189,2,0,0,naive_threshold,0,,2
190,2,0,0,naive_threshold,0,,2
191,2,0,0,naive_threshold,0,,2
192,2,0,0,naive_threshold,0,,2
193,2,0,0,naive_threshold,0,,2
194,2,0,0,naive_threshold,0,,2
195,2,0,0,naive_threshold,0,,2
196,2,0,0,naive_threshold,0,,2
197,2,0,0,naive_threshold,0,,2
198,2,0,0,naive_threshold,0,,2
199,2,0,0,naive_threshold,0,,2
2500,2,12,1,naive_threshold,1,,2
2501,2,12,1,naive_threshold,1,,2
2502,2,12,1,naive_threshold,1,,2
2503,2,12,1,naive_threshold,1,,2
2504,2,12,1,naive_threshold,1,,2
2505,2,12,1,naive_threshold,1,,2
2506,2,12,1,naive_threshold,1,,2
2507,2,12,1,naive_threshold,1,,2
2508,2,12,1,naive_threshold,1,,2
2509,2,12,1,naive_threshold,1,,2
2510,2,12,1,naive_threshold,1,,2
2511,2,12,1,naive_threshold,1,,2
2512,2,12,1,naive_threshold,1,,2
2513,2,12,1,naive_threshold,1,,2
2514,2,12,1,naive_threshold,1,,2
2515,2,12,1,naive_threshold,1,,2
2516,2,12,1,naive_threshold,1,,2
2517,2,12,1,naive_threshold,1,,2
2518,2,12,1,naive_threshold,1,,2
2519,2,12,1,naive_threshold,1,,2
2520,2,12,1,naive_threshold,1,,2
2521,2,12,1,naive_threshold,1,,2
2522,2,12,1,naive_threshold,1,,2
2523,2,12,1,naive_threshold,1,,2
2524,2,12,1,naive_threshold,1,,2
2525,2,12,1,naive_threshold,1,,2
2526,2,12,1,naive_threshold,1,,2
2527,2,12,1,naive_threshold,1,,2
2528,2,12,1,naive_threshold,1,,2
2529,2,12,1,naive_threshold,1,,2
2530,2,12,1,naive_threshold,1,,2
2531,2,12,1,naive_threshold,1,,2
2532,2,12,1,naive_threshold,1,,2
2533,2,12,1,naive_threshold,1,,2
2534,2,12,1,naive_threshold,1,,2
2535,2,12,1,naive_threshold,1,,2
2536,2,12,1,naive_threshold,1,,2
2537,2,12,1,naive_threshold,1,,2
2538,2,12,1,naive_threshold,1,,2
2539,2,12,1,naive_threshold,1,,2
2540,2,12,1,naive_threshold,1,,2
2541,2,12,1,naive_threshold,1,,2
2542,2,12,1,naive_threshold,1,,2
2543,2,12,1,naive_threshold,1,,2
2544,2,12,1,naive_threshold,1,,2
2545,2,12,1,naive_threshold,1,,2
2546,2,12,1,naive_threshold,1,,2
2547,2,12,1,naive_threshold,1,,2
2548,2,12,1,naive_threshold,1,,2
2549,2,12,1,naive_threshold,1,,2
2550,2,12,1,naive_threshold,1,,2
2551,2,12,1,naive_threshold,1,,2
2552,2,12,1,naive_threshold,1,,2
2553,2,12,1,naive_threshold,1,,2
2554,2,12,1,naive_threshold,1,,2
2555,2,12,1,naive_threshold,1,,2
2556,2,12,1,naive_threshold,1,,2
2557,2,12,1,naive_threshold,1,,2
2558,2,12,1,naive_threshold,1,,2
2559,2,12,1,naive_threshold,1,,2
2560,2,12,1,naive_threshold,1,,2
2561,2,12,1,naive_threshold,1,,2
2562,2,12,1,naive_threshold,1,,2
2563,2,12,1,naive_threshold,1,,2
2564,2,12,1,naive_threshold,1,,2
2565,2,12,1,naive_threshold,1,,2
2566,2,12,1,naive_threshold,1,,2
2567,2,12,1,naive_threshold,1,,2
2568,2,12,1,naive_threshold,1,,2
2569,2,12,1,naive_threshold,1,,2
2570,2,12,1,naive_threshold,1,,2
2571,2,12,1,naive_threshold,1,,2
2572,2,12,1,naive_threshold,1,,2
2573,2,12,1,naive_threshold,1,,2
2574,2,12,1,naive_threshold,1,,2
2575,2,12,1,naive_threshold,1,,2
2576,2,12,1,naive_threshold,1,,2
2577,2,12,1,naive_threshold,1,,2
2578,2,12,1,naive_threshold,1,,2
2579,2,12,1,naive_threshold,1,,2
2580,2,12,1,naive_threshold,1,,2
2581,2,12,1,naive_threshold,1,,2
2582,2,12,1,naive_threshold,1,,2
2583,2,12,1,naive_threshold,1,,2
2584,2,12,1,naive_threshold,1,,2
2585,2,12,1,naive_threshold,1,,2
2586,2,12,1,naive_threshold,1,,2
2587,2,12,1,naive_threshold,1,,2
2588,2,12,1,naive_threshold,1,,2
2589,2,12,1,naive_threshold,1,,2
2590,2,12,1,naive_threshold,1,,2
2591,2,12,1,naive_threshold,1,,2
2592,2,12,1,naive_threshold,1,,2
2593,2,12,1,naive_threshold,1,,2
2594,2,12,1,naive_threshold,1,,2
2595,2,12,1,naive_threshold,1,,2
2596,2,12,1,naive_threshold,1,,2
2597,2,12,1,naive_threshold,1,,2
2598,2,12,1,naive_threshold,1,,2
2599,2,12,1,naive_threshold,1,,2
100,2,0,0,state_aware,0,0.002692440982121177,2
101,2,0,0,state_aware,0,0.002631667520634223,2
102,2,0,0,state_aware,0,0.0026598556499239966,2
103,2,0,0,state_aware,0,0.0027223799647941864,2
104,2,0,0,state_aware,0,0.002715474879318262,2
105,2,0,0,state_aware,0,0.0027162194161582443,2
106,2,0,0,state_aware,0,0.0027147509534325327,2
107,2,0,0,state_aware,0,0.002715863002955924,2
108,2,0,0,state_aware,0,0.002714535399583968,2
109,2,0,0,state_aware,0,0.002716390973921772,2
110,2,0,0,state_aware,0,0.002714735881107252,2
111,2,0,0,state_aware,0,0.0027171589962286004,2
112,2,0,0,state_aware,0,0.0027150873665424996,2
113,2,0,0,state_aware,0,0.0027168619619000753,2
114,2,0,0,state_aware,0,0.0027162039636213645,2
115,2,0,0,state_aware,0,0.002715123793196829,2
116,2,0,0,state_aware,0,0.002714632607424225,2
117,2,0,0,state_aware,0,0.002716915559010141,2
118,2,0,0,state_aware,0,0.00271496967744365,2
119,2,0,0,state_aware,0,0.002717212401941984,2
120,2,0,0,state_aware,0,0.00269081964102174,2
121,2,0,0,state_aware,0,0.002631691369295545,2
122,2,0,0,state_aware,0,0.0026662344857518745,2
123,2,0,0,state_aware,0,0.0027242776373647346,2
124,2,0,0,state_aware,0,0.0027156895687513913,2
125,2,0,0,state_aware,0,0.0027165858520493066,2
126,2,0,0,state_aware,0,0.0027161094396891267,2
127,2,0,0,state_aware,0,0.0027162615537864657,2
128,2,0,0,state_aware,0,0.0027171861918172152,2
129,2,0,0,state_aware,0,0.0027197938575991673,2
130,2,0,0,state_aware,0,0.002716877495796474,2
131,2,0,0,state_aware,0,0.0027154926799091736,2
132,2,0,0,state_aware,0,0.002716504795574402,2
133,2,0,0,state_aware,0,0.0027187590287056293,2
134,2,0,0,state_aware,0,0.0027158676858719025,2
135,2,0,0,state_aware,0,0.0027146086858461285,2
136,2,0,0,state_aware,0,0.0027164327124803438,2
137,2,0,0,state_aware,0,0.0027156661353770193,2
138,2,0,0,state_aware,0,0.002717736620524446,2
139,2,0,0,state_aware,0,0.0027185786865244954,2
140,2,0,0,state_aware,0,0.0026355804895986665,2
141,2,0,0,state_aware,0,0.0026351501272931853,2
142,2,0,0,state_aware,0,0.002629623035410033,2
143,2,0,0,state_aware,0,0.002687384447877335,2
144,2,0,0,state_aware,0,0.002665165633283698,2
145,2,0,0,state_aware,0,0.0026669536886157826,2
146,2,0,0,state_aware,0,0.0026654314526150737,2
147,2,0,0,state_aware,0,0.002724355615724594,2
148,2,0,0,state_aware,0,0.0027148066255914425,2
149,2,0,0,state_aware,0,0.0027185455937300076,2
150,2,0,0,state_aware,0,0.002715756742676826,2
151,2,0,0,state_aware,0,0.0027197801302254283,2
152,2,0,0,state_aware,0,0.0027155087770380977,2
153,2,0,0,state_aware,0,0.002719486635363158,2
154,2,0,0,state_aware,0,0.0027158797018639845,2
155,2,0,0,state_aware,0,0.0027217790232845302,2
156,2,0,0,state_aware,0,0.002715286869725633,2
157,2,0,0,state_aware,0,0.0027161346493522944,2
158,2,0,0,state_aware,0,0.002715690656050633,2
159,2,0,0,state_aware,0,0.0027193325167994193,2
160,2,0,0,state_aware,0,0.002632676512583237,2
161,2,0,0,state_aware,0,0.0026325239151579957,2
162,2,0,0,state_aware,0,0.0026891474659668114,2
163,2,0,0,state_aware,0,0.0026296022810275107,2
164,2,0,0,state_aware,0,0.0026643538719688,2
165,2,0,0,state_aware,0,0.0027244346785129767,2
166,2,0,0,state_aware,0,0.002715063278669238,2
167,2,0,0,state_aware,0,0.002716912450985728,2
168,2,0,0,state_aware,0,0.0027161852464588523,2
169,2,0,0,state_aware,0,0.002714843463047107,2
170,2,0,0,state_aware,0,0.0027166545409638004,2
171,2,0,0,state_aware,0,0.002719295066308824,2
172,2,0,0,state_aware,0,0.002716715828973982,2
173,2,0,0,state_aware,0,0.002715216597132825,2
174,2,0,0,state_aware,0,0.00271820246342335,2
175,2,0,0,state_aware,0,0.00271558156446255,2
176,2,0,0,state_aware,0,0.002717068587936161,2
177,2,0,0,state_aware,0,0.0027153598855628723,2
178,2,0,0,state_aware,0,0.0027165076652229526,2
179,2,0,0,state_aware,0,0.0027151862664628935,2
180,2,0,0,state_aware,0,0.0026328158480978213,2
181,2,0,0,state_aware,0,0.0026325645761406135,2
182,2,0,0,state_aware,0,0.002628041103187787,2
183,2,0,0,state_aware,0,0.0026863733740686725,2
184,2,0,0,state_aware,0,0.0026662213364560556,2
185,2,0,0,state_aware,0,0.0026702961049564085,2
186,2,0,0,state_aware,0,0.002666510473364677,2
187,2,0,0,state_aware,0,0.0027251899774471807,2
188,2,0,0,state_aware,0,0.0027149842356622303,2
189,2,0,0,state_aware,0,0.0027194530902468835,2
190,2,0,0,state_aware,0,0.002716016880918452,2
191,2,0,0,state_aware,0,0.0027179651926789398,2
192,2,0,0,state_aware,0,0.0027159498838364602,2
193,2,0,0,state_aware,0,0.0027194585760910864,2
194,2,0,0,state_aware,0,0.0027157088076280984,2
195,2,0,0,state_aware,0,0.0027179894262545083,2
196,2,0,0,state_aware,0,0.0027155655279537554,2
197,2,0,0,state_aware,0,0.0027163458066865116,2
198,2,0,0,state_aware,0,0.0027165012937201477,2
199,2,0,0,state_aware,0,0.0027147235584955654,2
2500,2,12,1,state_aware,1,0.9856137368125166,2
2501,2,12,1,state_aware,1,0.9856103808138318,2
2502,2,12,1,state_aware,1,0.9856038097319246,2
2503,2,12,1,state_aware,1,0.9855991152690623,2
2504,2,12,1,state_aware,1,0.9855619863125284,2
2505,2,12,1,state_aware,1,0.9964734197514855,2
2506,2,12,1,state_aware,1,0.9913119523783399,2
2507,2,12,1,state_aware,1,0.9978892430207775,2
2508,2,12,1,state_aware,1,0.9950260449228527,2
2509,2,12,1,state_aware,1,0.9978889326816058,2
2510,2,12,1,state_aware,1,0.9950302793373603,2
2511,2,12,1,state_aware,1,0.9978855931677509,2
2512,2,12,1,state_aware,1,0.9950132040090415,2
2513,2,12,1,state_aware,1,0.9978792850365232,2
2514,2,12,1,state_aware,1,0.9950225063217254,2
2515,2,12,1,state_aware,1,0.9979021347894902,2
2516,2,12,1,state_aware,1,0.9950220712828964,2
2517,2,12,1,state_aware,1,0.9978803655405136,2
2518,2,12,1,state_aware,1,0.9950252209865617,2
2519,2,12,1,state_aware,1,0.997883080920659,2
2520,2,12,1,state_aware,1,0.9964932460976796,2
2521,2,12,1,state_aware,1,0.98563471466356,2
2522,2,12,1,state_aware,1,0.9913232477539073,2
2523,2,12,1,state_aware,1,0.9978889705668267,2
2524,2,12,1,state_aware,1,0.995024243197729,2
2525,2,12,1,state_aware,1,0.9978865619835868,2
2526,2,12,1,state_aware,1,0.9950303149522567,2
2527,2,12,1,state_aware,1,0.9978874333861301,2
2528,2,12,1,state_aware,1,0.9950122636412462,2
2529,2,12,1,state_aware,1,0.9978818409160277,2
2530,2,12,1,state_aware,1,0.9950274659669053,2
2531,2,12,1,state_aware,1,0.9978882276943164,2
2532,2,12,1,state_aware,1,0.9950339951919619,2
2533,2,12,1,state_aware,1,0.9978888699934398,2
2534,2,12,1,state_aware,1,0.9950219253853559,2
2535,2,12,1,state_aware,1,0.9979065099313696,2
2536,2,12,1,state_aware,1,0.994995052918055,2
2537,2,12,1,state_aware,1,0.9978710404273089,2
2538,2,12,1,state_aware,1,0.9950366433905403,2
2539,2,12,1,state_aware,1,0.9978877601391778,2
2540,2,12,1,state_aware,1,0.9856574642925873,2
2541,2,12,1,state_aware,1,0.9856552723958121,2
2542,2,12,1,state_aware,1,0.9855882249443774,2
2543,2,12,1,state_aware,1,0.9855855165249019,2
2544,2,12,1,state_aware,1,0.9856731865322587,2
2545,2,12,1,state_aware,1,0.9856695841031411,2
2546,2,12,1,state_aware,1,0.9855977840155026,2
2547,2,12,1,state_aware,1,0.9855966461183537,2
2548,2,12,1,state_aware,1,0.9855452071989427,2
2549,2,12,1,state_aware,1,0.9855415454715589,2
2550,2,12,1,state_aware,1,0.9857072258957438,2
2551,2,12,1,state_aware,1,0.9857041861345593,2
2552,2,12,1,state_aware,1,0.9857177463639194,2
2553,2,12,1,state_aware,1,0.9857153836597856,2
2554,2,12,1,state_aware,1,0.9857090944976321,2
2555,2,12,1,state_aware,1,0.9857068156645973,2
2556,2,12,1,state_aware,1,0.9857109915472428,2
2557,2,12,1,state_aware,1,0.9857090263324821,2
2558,2,12,1,state_aware,1,0.9964754661696654,2
2559,2,12,1,state_aware,1,0.9855576582539839,2
2560,2,12,1,state_aware,1,0.9964884855398223,2
2561,2,12,1,state_aware,1,0.9855798263710709,2
2562,2,12,1,state_aware,1,0.9916806204586066,2
2563,2,12,1,state_aware,1,0.9964509380103321,2
2564,2,12,1,state_aware,1,0.9913001898216074,2
2565,2,12,1,state_aware,1,0.9978816806169499,2
2566,2,12,1,state_aware,1,0.9950114736290842,2
2567,2,12,1,state_aware,1,0.997877619991021,2
2568,2,12,1,state_aware,1,0.995012090471998,2
2569,2,12,1,state_aware,1,0.9978791179120272,2
2570,2,12,1,state_aware,1,0.9950286775952674,2
2571,2,12,1,state_aware,1,0.9978832269747703,2
2572,2,12,1,state_aware,1,0.9950133581574065,2
2573,2,12,1,state_aware,1,0.9978791703129501,2
2574,2,12,1,state_aware,1,0.9950365608642077,2
2575,2,12,1,state_aware,1,0.9979047819417028,2
2576,2,12,1,state_aware,1,0.9949945241106115,2
2577,2,12,1,state_aware,1,0.9978723863424159,2
2578,2,12,1,state_aware,1,0.9950309529188353,2
2579,2,12,1,state_aware,1,0.9978829275159696,2
2580,2,12,1,state_aware,1,0.9856159173937723,2
2581,2,12,1,state_aware,1,0.9856142293554481,2
2582,2,12,1,state_aware,1,0.9855901968537465,2
2583,2,12,1,state_aware,1,0.9855869055404115,2
2584,2,12,1,state_aware,1,0.9856878617070605,2
2585,2,12,1,state_aware,1,0.9856837689645677,2
2586,2,12,1,state_aware,1,0.9964794411758146,2
2587,2,12,1,state_aware,1,0.9855712867886728,2
2588,2,12,1,state_aware,1,0.9912890389505151,2
2589,2,12,1,state_aware,1,0.9978838849830577,2
2590,2,12,1,state_aware,1,0.9949983033763603,2
2591,2,12,1,state_aware,1,0.9978708662304188,2
2592,2,12,1,state_aware,1,0.995039095489388,2
2593,2,12,1,state_aware,1,0.9978910636743575,2
2594,2,12,1,state_aware,1,0.9950240568791909,2
2595,2,12,1,state_aware,1,0.9979002170100464,2
2596,2,12,1,state_aware,1,0.9950183861542964,2
2597,2,12,1,state_aware,1,0.997883497491486,2
2598,2,12,1,state_aware,1,0.9949888921498623,2
2599,2,12,1,state_aware,1,0.9978680222003241,2
200,4,0,0,naive_threshold,0,,4
201,4,0,0,naive_threshold,0,,4
202,4,0,0,naive_threshold,0,,4
203,4,0,0,naive_threshold,0,,4
204,4,0,0,naive_threshold,0,,4
205,4,0,0,naive_threshold,0,,4
206,4,0,0,naive_threshold,0,,4
207,4,0,0,naive_threshold,0,,4
208,4,0,0,naive_threshold,0,,4
209,4,0,0,naive_threshold,0,,4
210,4,0,0,naive_threshold,0,,4
211,4,0,0,naive_threshold,0,,4
212,4,0,0,naive_threshold,0,,4
213,4,0,0,naive_threshold,0,,4
214,4,0,0,naive_threshold,0,,4
215,4,0,0,naive_threshold,0,,4
216,4,0,0,naive_threshold,0,,4
217,4,0,0,naive_threshold,0,,4
218,4,0,0,naive_threshold,0,,4
219,4,0,0,naive_threshold,0,,4
220,4,0,0,naive_threshold,0,,4
221,4,0,0,naive_threshold,0,,4
222,4,0,0,naive_threshold,0,,4
223,4,0,0,naive_threshold,0,,4
224,4,0,0,naive_threshold,0,,4
225,4,0,0,naive_threshold,0,,4
226,4,0,0,naive_threshold,0,,4
227,4,0,0,naive_threshold,0,,4
228,4,0,0,naive_threshold,0,,4
229,4,0,0,naive_threshold,0,,4
230,4,0,0,naive_threshold,0,,4
231,4,0,0,naive_threshold,0,,4
232,4,0,0,naive_threshold,0,,4
233,4,0,0,naive_threshold,0,,4
234,4,0,0,naive_threshold,0,,4
235,4,0,0,naive_threshold,0,,4
236,4,0,0,naive_threshold,0,,4
237,4,0,0,naive_threshold,0,,4
238,4,0,0,naive_threshold,0,,4
239,4,0,0,naive_threshold,0,,4
240,4,0,0,naive_threshold,0,,4
241,4,0,0,naive_threshold,0,,4
242,4,0,0,naive_threshold,0,,4
243,4,0,0,naive_threshold,0,,4
244,4,0,0,naive_threshold,0,,4
245,4,0,0,naive_threshold,0,,4
246,4,0,0,naive_threshold,0,,4
247,4,0,0,naive_threshold,0,,4
248,4,0,0,naive_threshold,0,,4
249,4,0,0,naive_threshold,0,,4
250,4,0,0,naive_threshold,0,,4
251,4,0,0,naive_threshold,0,,4
252,4,0,0,naive_threshold,0,,4
253,4,0,0,naive_threshold,0,,4
254,4,0,0,naive_threshold,0,,4
255,4,0,0,naive_threshold,0,,4
256,4,0,0,naive_threshold,0,,4
257,4,0,0,naive_threshold,0,,4
258,4,0,0,naive_threshold,0,,4
259,4,0,0,naive_threshold,0,,4
260,4,0,0,naive_threshold,0,,4
261,4,0,0,naive_threshold,0,,4
262,4,0,0,naive_threshold,0,,4
263,4,0,0,naive_threshold,0,,4
264,4,0,0,naive_threshold,0,,4
265,4,0,0,naive_threshold,0,,4
266,4,0,0,naive_threshold,0,,4
267,4,0,0,naive_threshold,0,,4
268,4,0,0,naive_threshold,0,,4
269,4,0,0,naive_threshold,0,,4
270,4,0,0,naive_threshold,0,,4
271,4,0,0,naive_threshold,0,,4
272,4,0,0,naive_threshold,0,,4
273,4,0,0,naive_threshold,0,,4
274,4,0,0,naive_threshold,0,,4
275,4,0,0,naive_threshold,0,,4
276,4,0,0,naive_threshold,0,,4
277,4,0,0,naive_threshold,0,,4
278,4,0,0,naive_threshold,0,,4
279,4,0,0,naive_threshold,0,,4
280,4,0,0,naive_threshold,0,,4
281,4,0,0,naive_threshold,0,,4
282,4,0,0,naive_threshold,0,,4
283,4,0,0,naive_threshold,0,,4
284,4,0,0,naive_threshold,0,,4
285,4,0,0,naive_threshold,0,,4
286,4,0,0,naive_threshold,0,,4
287,4,0,0,naive_threshold,0,,4
288,4,0,0,naive_threshold,0,,4
289,4,0,0,naive_threshold,0,,4
290,4,0,0,naive_threshold,0,,4
291,4,0,0,naive_threshold,0,,4
292,4,0,0,naive_threshold,0,,4
293,4,0,0,naive_threshold,0,,4
294,4,0,0,naive_threshold,0,,4
295,4,0,0,naive_threshold,0,,4
296,4,0,0,naive_threshold,0,,4
297,4,0,0,naive_threshold,0,,4
298,4,0,0,naive_threshold,0,,4
299,4,0,0,naive_threshold,0,,4
2600,4,12,1,naive_threshold,1,,4
2601,4,12,1,naive_threshold,1,,4
2602,4,12,1,naive_threshold,1,,4
2603,4,12,1,naive_threshold,1,,4
2604,4,12,1,naive_threshold,1,,4
2605,4,12,1,naive_threshold,1,,4
2606,4,12,1,naive_threshold,1,,4
2607,4,12,1,naive_threshold,1,,4
2608,4,12,1,naive_threshold,1,,4
2609,4,12,1,naive_threshold,1,,4
2610,4,12,1,naive_threshold,1,,4
2611,4,12,1,naive_threshold,1,,4
2612,4,12,1,naive_threshold,1,,4
2613,4,12,1,naive_threshold,1,,4
2614,4,12,1,naive_threshold,1,,4
2615,4,12,1,naive_threshold,1,,4
2616,4,12,1,naive_threshold,1,,4
2617,4,12,1,naive_threshold,1,,4
2618,4,12,1,naive_threshold,1,,4
2619,4,12,1,naive_threshold,1,,4
2620,4,12,1,naive_threshold,1,,4
2621,4,12,1,naive_threshold,1,,4
2622,4,12,1,naive_threshold,1,,4
2623,4,12,1,naive_threshold,1,,4
2624,4,12,1,naive_threshold,1,,4
2625,4,12,1,naive_threshold,1,,4
2626,4,12,1,naive_threshold,1,,4
2627,4,12,1,naive_threshold,1,,4
2628,4,12,1,naive_threshold,1,,4
2629,4,12,1,naive_threshold,1,,4
2630,4,12,1,naive_threshold,1,,4
2631,4,12,1,naive_threshold,1,,4
2632,4,12,1,naive_threshold,1,,4
2633,4,12,1,naive_threshold,1,,4
2634,4,12,1,naive_threshold,1,,4
2635,4,12,1,naive_threshold,1,,4
2636,4,12,1,naive_threshold,1,,4
2637,4,12,1,naive_threshold,1,,4
2638,4,12,1,naive_threshold,1,,4
2639,4,12,1,naive_threshold,1,,4
2640,4,12,1,naive_threshold,1,,4
2641,4,12,1,naive_threshold,1,,4
2642,4,12,1,naive_threshold,1,,4
2643,4,12,1,naive_threshold,1,,4
2644,4,12,1,naive_threshold,1,,4
2645,4,12,1,naive_threshold,1,,4
2646,4,12,1,naive_threshold,1,,4
2647,4,12,1,naive_threshold,1,,4
2648,4,12,1,naive_threshold,1,,4
2649,4,12,1,naive_threshold,1,,4
2650,4,12,1,naive_threshold,1,,4
2651,4,12,1,naive_threshold,1,,4
2652,4,12,1,naive_threshold,1,,4
2653,4,12,1,naive_threshold,1,,4
2654,4,12,1,naive_threshold,1,,4
2655,4,12,1,naive_threshold,1,,4
2656,4,12,1,naive_threshold,1,,4
2657,4,12,1,naive_threshold,1,,4
2658,4,12,1,naive_threshold,1,,4
2659,4,12,1,naive_threshold,1,,4
2660,4,12,1,naive_threshold,1,,4
2661,4,12,1,naive_threshold,1,,4
2662,4,12,1,naive_threshold,1,,4
2663,4,12,1,naive_threshold,1,,4
2664,4,12,1,naive_threshold,1,,4
2665,4,12,1,naive_threshold,1,,4
2666,4,12,1,naive_threshold,1,,4
2667,4,12,1,naive_threshold,1,,4
2668,4,12,1,naive_threshold,1,,4
2669,4,12,1,naive_threshold,1,,4
2670,4,12,1,naive_threshold,1,,4
2671,4,12,1,naive_threshold,1,,4
2672,4,12,1,naive_threshold,1,,4
2673,4,12,1,naive_threshold,1,,4
2674,4,12,1,naive_threshold,1,,4
2675,4,12,1,naive_threshold,1,,4
2676,4,12,1,naive_threshold,1,,4
2677,4,12,1,naive_threshold,1,,4
2678,4,12,1,naive_threshold,1,,4
2679,4,12,1,naive_threshold,1,,4
2680,4,12,1,naive_threshold,1,,4
2681,4,12,1,naive_threshold,1,,4
2682,4,12,1,naive_threshold,1,,4
2683,4,12,1,naive_threshold,1,,4
2684,4,12,1,naive_threshold,1,,4
2685,4,12,1,naive_threshold,1,,4
2686,4,12,1,naive_threshold,1,,4
2687,4,12,1,naive_threshold,1,,4
2688,4,12,1,naive_threshold,1,,4
2689,4,12,1,naive_threshold,1,,4
2690,4,12,1,naive_threshold,1,,4
2691,4,12,1,naive_threshold,1,,4
2692,4,12,1,naive_threshold,1,,4
2693,4,12,1,naive_threshold,1,,4
2694,4,12,1,naive_threshold,1,,4
2695,4,12,1,naive_threshold,1,,4
2696,4,12,1,naive_threshold,1,,4
2697,4,12,1,naive_threshold,1,,4
2698,4,12,1,naive_threshold,1,,4
2699,4,12,1,naive_threshold,1,,4
200,4,0,0,state_aware,0,0.002707402323594056,4
201,4,0,0,state_aware,0,0.0027732923768882933,4
202,4,0,0,state_aware,0,0.0027723462328197055,4
203,4,0,0,state_aware,0,0.002772231048962976,4
204,4,0,0,state_aware,0,0.0027284534102555206,4
205,4,0,0,state_aware,0,0.002788812825166102,4
206,4,0,0,state_aware,0,0.0027885591423602247,4
207,4,0,0,state_aware,0,0.002788293222515965,4
208,4,0,0,state_aware,0,0.002781877083339492,4
209,4,0,0,state_aware,0,0.002782889552535863,4
210,4,0,0,state_aware,0,0.002782350793567072,4
211,4,0,0,state_aware,0,0.0027819991547323197,4
212,4,0,0,state_aware,0,0.0027809751318938272,4
213,4,0,0,state_aware,0,0.0027883078303685563,4
214,4,0,0,state_aware,0,0.0027878072830941217,4
215,4,0,0,state_aware,0,0.0027878950639477315,4
216,4,0,0,state_aware,0,0.0027836924174391192,4
217,4,0,0,state_aware,0,0.0027862432228794817,4
218,4,0,0,state_aware,0,0.0027855925595103195,4
219,4,0,0,state_aware,0,0.0027855996983201904,4
220,4,0,0,state_aware,0,0.002702744192753427,4
221,4,0,0,state_aware,0,0.0027022164146169327,4
222,4,0,0,state_aware,0,0.0027639853650079137,4
223,4,0,0,state_aware,0,0.0027638145622875024,4
224,4,0,0,state_aware,0,0.0027297198442738555,4
225,4,0,0,state_aware,0,0.002729030275473023,4
226,4,0,0,state_aware,0,0.002790213230684082,4
227,4,0,0,state_aware,0,0.002789260750954716,4
228,4,0,0,state_aware,0,0.002782727428887479,4
229,4,0,0,state_aware,0,0.0027822764374734856,4
230,4,0,0,state_aware,0,0.002783045949478271,4
231,4,0,0,state_aware,0,0.0027827086524582,4
232,4,0,0,state_aware,0,0.002782115029021251,4
233,4,0,0,state_aware,0,0.002781573762409632,4
234,4,0,0,state_aware,0,0.0027841942882459747,4
235,4,0,0,state_aware,0,0.0027836877192195593,4
236,4,0,0,state_aware,0,0.002784164889991625,4
237,4,0,0,state_aware,0,0.0027835221298579092,4
238,4,0,0,state_aware,0,0.0027812412386523937,4
239,4,0,0,state_aware,0,0.002780829105268729,4
240,4,0,0,state_aware,0,0.0026990123424440746,4
241,4,0,0,state_aware,0,0.0026988430872917912,4
242,4,0,0,state_aware,0,0.002759115023042923,4
243,4,0,0,state_aware,0,0.0027592694878964684,4
244,4,0,0,state_aware,0,0.0027262988733531813,4
245,4,0,0,state_aware,0,0.00272564984371569,4
246,4,0,0,state_aware,0,0.002789940178091287,4
247,4,0,0,state_aware,0,0.002789427485255651,4
248,4,0,0,state_aware,0,0.0027833519198160192,4
249,4,0,0,state_aware,0,0.0027827267909353174,4
250,4,0,0,state_aware,0,0.00278692346152775,4
251,4,0,0,state_aware,0,0.002786303258878381,4
252,4,0,0,state_aware,0,0.0027823873871079957,4
253,4,0,0,state_aware,0,0.0027821084786176426,4
254,4,0,0,state_aware,0,0.00278661895458371,4
255,4,0,0,state_aware,0,0.0027860151915647044,4
256,4,0,0,state_aware,0,0.0027828068059953057,4
257,4,0,0,state_aware,0,0.002782459753486843,4
258,4,0,0,state_aware,0,0.0027863728476352012,4
259,4,0,0,state_aware,0,0.0027864589112292955,4
260,4,0,0,state_aware,0,0.002697558945040922,4
261,4,0,0,state_aware,0,0.0027606988291200346,4
262,4,0,0,state_aware,0,0.0027593967483194233,4
263,4,0,0,state_aware,0,0.0027594208390864495,4
264,4,0,0,state_aware,0,0.002732296810404194,4
265,4,0,0,state_aware,0,0.002789791437396698,4
266,4,0,0,state_aware,0,0.002789562484882468,4
267,4,0,0,state_aware,0,0.0027891182881384638,4
268,4,0,0,state_aware,0,0.00278250440991085,4
269,4,0,0,state_aware,0,0.002787266531056684,4
270,4,0,0,state_aware,0,0.0027869824165488734,4
271,4,0,0,state_aware,0,0.002786924255351998,4
272,4,0,0,state_aware,0,0.0027939337259857582,4
273,4,0,0,state_aware,0,0.002803408429936987,4
274,4,0,0,state_aware,0,0.002802847512660942,4
275,4,0,0,state_aware,0,0.0028024131256095255,4
276,4,0,0,state_aware,0,0.002784629804021454,4
277,4,0,0,state_aware,0,0.002785109736596609,4
278,4,0,0,state_aware,0,0.0027840932404439413,4
279,4,0,0,state_aware,0,0.002783919650444341,4
280,4,0,0,state_aware,0,0.0027055432829949494,4
281,4,0,0,state_aware,0,0.0027694415001900488,4
282,4,0,0,state_aware,0,0.0027680059819574425,4
283,4,0,0,state_aware,0,0.002767467565990123,4
284,4,0,0,state_aware,0,0.002728673813382812,4
285,4,0,0,state_aware,0,0.0027897395442715244,4
286,4,0,0,state_aware,0,0.0027894492959920384,4
287,4,0,0,state_aware,0,0.00278935600051911,4
288,4,0,0,state_aware,0,0.0027820047772904974,4
289,4,0,0,state_aware,0,0.002783676456780809,4
290,4,0,0,state_aware,0,0.002783136106191408,4
291,4,0,0,state_aware,0,0.0027832818946773017,4
292,4,0,0,state_aware,0,0.0027815478183265577,4
293,4,0,0,state_aware,0,0.0027856395581305243,4
294,4,0,0,state_aware,0,0.002785626478673886,4
295,4,0,0,state_aware,0,0.0027853468727339526,4
296,4,0,0,state_aware,0,0.0027821448211284737,4
297,4,0,0,state_aware,0,0.0027838105358397305,4
298,4,0,0,state_aware,0,0.0027833852047181246,4
299,4,0,0,state_aware,0,0.002783047310833292,4
2600,4,12,1,state_aware,1,0.9883767093074272,4
2601,4,12,1,state_aware,1,0.9883759369272536,4
2602,4,12,1,state_aware,1,0.9883686285835708,4
2603,4,12,1,state_aware,1,0.9883671148656245,4
2604,4,12,1,state_aware,1,0.9883959769333368,4
2605,4,12,1,state_aware,1,0.9971984405647224,4
2606,4,12,1,state_aware,1,0.9883935905337313,4
2607,4,12,1,state_aware,1,0.9883930863410952,4
2608,4,12,1,state_aware,1,0.9932495403406447,4
2609,4,12,1,state_aware,1,0.9932457519102533,4
2610,4,12,1,state_aware,1,0.9932458785648615,4
2611,4,12,1,state_aware,1,0.9993093257633457,4
2612,4,12,1,state_aware,1,0.9961613199422706,4
2613,4,12,1,state_aware,1,0.9961606790785735,4
2614,4,12,1,state_aware,1,0.9961601987858827,4
2615,4,12,1,state_aware,1,0.9993126798315319,4
2616,4,12,1,state_aware,1,0.9961500598018413,4
2617,4,12,1,state_aware,1,0.9961487435109339,4
2618,4,12,1,state_aware,1,0.9961490740220924,4
2619,4,12,1,state_aware,1,0.9993139041161413,4
2620,4,12,1,state_aware,1,0.9882604474912476,4
2621,4,12,1,state_aware,1,0.9882602480633313,4
2622,4,12,1,state_aware,1,0.9972903488064171,4
2623,4,12,1,state_aware,1,0.997290092373749,4
2624,4,12,1,state_aware,1,0.9972701067834807,4
2625,4,12,1,state_aware,1,0.9972699934383658,4
2626,4,12,1,state_aware,1,0.9993730374863987,4
2627,4,12,1,state_aware,1,0.999372795828452,4
2628,4,12,1,state_aware,1,0.9993638481199889,4
2629,4,12,1,state_aware,1,0.9993637929657743,4
2630,4,12,1,state_aware,1,0.9993675786691828,4
2631,4,12,1,state_aware,1,0.9993675412145004,4
2632,4,12,1,state_aware,1,0.9993665972464513,4
2633,4,12,1,state_aware,1,0.9993665050285291,4
2634,4,12,1,state_aware,1,0.999379986430245,4
2635,4,12,1,state_aware,1,0.9993798782353994,4
2636,4,12,1,state_aware,1,0.9993641529426643,4
2637,4,12,1,state_aware,1,0.9993639874665246,4
2638,4,12,1,state_aware,1,0.9993718537613384,4
2639,4,12,1,state_aware,1,0.9993717829447251,4
2640,4,12,1,state_aware,1,0.9972902370698387,4
2641,4,12,1,state_aware,1,0.9882549032652379,4
2642,4,12,1,state_aware,1,0.997288798730849,4
2643,4,12,1,state_aware,1,0.9972884991138962,4
2644,4,12,1,state_aware,1,0.9971118081700675,4
2645,4,12,1,state_aware,1,0.9984423197253863,4
2646,4,12,1,state_aware,1,0.9984419427127776,4
2647,4,12,1,state_aware,1,0.9984419951353859,4
2648,4,12,1,state_aware,1,0.9993304385340822,4
2649,4,12,1,state_aware,1,0.9984628344944171,4
2650,4,12,1,state_aware,1,0.9984626203643252,4
2651,4,12,1,state_aware,1,0.9984625223226266,4
2652,4,12,1,state_aware,1,0.9993311114063538,4
2653,4,12,1,state_aware,1,0.9984597287120095,4
2654,4,12,1,state_aware,1,0.9984594178037892,4
2655,4,12,1,state_aware,1,0.998459097305372,4
2656,4,12,1,state_aware,1,0.9993333703999878,4
2657,4,12,1,state_aware,1,0.9984591228305039,4
2658,4,12,1,state_aware,1,0.998458733563355,4
2659,4,12,1,state_aware,1,0.998458591924668,4
2660,4,12,1,state_aware,1,0.9883940993657699,4
2661,4,12,1,state_aware,1,0.9883921757524231,4
2662,4,12,1,state_aware,1,0.9883884168931963,4
2663,4,12,1,state_aware,1,0.9971939680751236,4
2664,4,12,1,state_aware,1,0.9932922455617452,4
2665,4,12,1,state_aware,1,0.9932912006507907,4
2666,4,12,1,state_aware,1,0.9932899764535688,4
2667,4,12,1,state_aware,1,0.999316364765368,4
2668,4,12,1,state_aware,1,0.9961600646291005,4
2669,4,12,1,state_aware,1,0.9961593669786246,4
2670,4,12,1,state_aware,1,0.996158718076666,4
2671,4,12,1,state_aware,1,0.9993137614876546,4
2672,4,12,1,state_aware,1,0.9961417462594909,4
2673,4,12,1,state_aware,1,0.9961410485236943,4
2674,4,12,1,state_aware,1,0.9961399948424665,4
2675,4,12,1,state_aware,1,0.999310595490459,4
2676,4,12,1,state_aware,1,0.9961459405399182,4
2677,4,12,1,state_aware,1,0.9961447756777456,4
2678,4,12,1,state_aware,1,0.9961444521014919,4
2679,4,12,1,state_aware,1,0.9993110012304938,4
2680,4,12,1,state_aware,1,0.9883028774069649,4
2681,4,12,1,state_aware,1,0.9973079943398421,4
2682,4,12,1,state_aware,1,0.9973067062850128,4
2683,4,12,1,state_aware,1,0.9973063104063161,4
2684,4,12,1,state_aware,1,0.9971168459639395,4
2685,4,12,1,state_aware,1,0.9984377268085147,4
2686,4,12,1,state_aware,1,0.9984375084491757,4
2687,4,12,1,state_aware,1,0.9984370804643058,4
2688,4,12,1,state_aware,1,0.9993296407695266,4
2689,4,12,1,state_aware,1,0.9984534576596683,4
2690,4,12,1,state_aware,1,0.9984531245993915,4
2691,4,12,1,state_aware,1,0.9984530944786185,4
2692,4,12,1,state_aware,1,0.9993321902720068,4
2693,4,12,1,state_aware,1,0.9984628999190563,4
2694,4,12,1,state_aware,1,0.9984627829694821,4
2695,4,12,1,state_aware,1,0.9984627715211546,4
2696,4,12,1,state_aware,1,0.9993300507276515,4
2697,4,12,1,state_aware,1,0.9984610446901024,4
2698,4,12,1,state_aware,1,0.998460996343392,4
2699,4,12,1,state_aware,1,0.9984606876076878,4
300,8,0,0,naive_threshold,0,,8
301,8,0,0,naive_threshold,0,,8
302,8,0,0,naive_threshold,0,,8
303,8,0,0,naive_threshold,0,,8
304,8,0,0,naive_threshold,0,,8
305,8,0,0,naive_threshold,0,,8
306,8,0,0,naive_threshold,0,,8
307,8,0,0,naive_threshold,0,,8
308,8,0,0,naive_threshold,0,,8
309,8,0,0,naive_threshold,0,,8
310,8,0,0,naive_threshold,0,,8
311,8,0,0,naive_threshold,0,,8
312,8,0,0,naive_threshold,0,,8
313,8,0,0,naive_threshold,0,,8
314,8,0,0,naive_threshold,0,,8
315,8,0,0,naive_threshold,0,,8
316,8,0,0,naive_threshold,0,,8
317,8,0,0,naive_threshold,0,,8
318,8,0,0,naive_threshold,0,,8
319,8,0,0,naive_threshold,0,,8
320,8,0,0,naive_threshold,0,,8
321,8,0,0,naive_threshold,0,,8
322,8,0,0,naive_threshold,0,,8
323,8,0,0,naive_threshold,0,,8
324,8,0,0,naive_threshold,0,,8
325,8,0,0,naive_threshold,0,,8
326,8,0,0,naive_threshold,0,,8
327,8,0,0,naive_threshold,0,,8
328,8,0,0,naive_threshold,0,,8
329,8,0,0,naive_threshold,0,,8
330,8,0,0,naive_threshold,0,,8
331,8,0,0,naive_threshold,0,,8
332,8,0,0,naive_threshold,0,,8
333,8,0,0,naive_threshold,0,,8
334,8,0,0,naive_threshold,0,,8
335,8,0,0,naive_threshold,0,,8
336,8,0,0,naive_threshold,0,,8
337,8,0,0,naive_threshold,0,,8
338,8,0,0,naive_threshold,0,,8
339,8,0,0,naive_threshold,0,,8
340,8,0,0,naive_threshold,0,,8
341,8,0,0,naive_threshold,0,,8
342,8,0,0,naive_threshold,0,,8
343,8,0,0,naive_threshold,0,,8
344,8,0,0,naive_threshold,0,,8
345,8,0,0,naive_threshold,0,,8
346,8,0,0,naive_threshold,0,,8
347,8,0,0,naive_threshold,0,,8
348,8,0,0,naive_threshold,0,,8
349,8,0,0,naive_threshold,0,,8
350,8,0,0,naive_threshold,0,,8
351,8,0,0,naive_threshold,0,,8
352,8,0,0,naive_threshold,0,,8
353,8,0,0,naive_threshold,0,,8
354,8,0,0,naive_threshold,0,,8
355,8,0,0,naive_threshold,0,,8
356,8,0,0,naive_threshold,0,,8
357,8,0,0,naive_threshold,0,,8
358,8,0,0,naive_threshold,0,,8
359,8,0,0,naive_threshold,0,,8
360,8,0,0,naive_threshold,0,,8
361,8,0,0,naive_threshold,0,,8
362,8,0,0,naive_threshold,0,,8
363,8,0,0,naive_threshold,0,,8
364,8,0,0,naive_threshold,0,,8
365,8,0,0,naive_threshold,0,,8
366,8,0,0,naive_threshold,0,,8
367,8,0,0,naive_threshold,0,,8
368,8,0,0,naive_threshold,0,,8
369,8,0,0,naive_threshold,0,,8
370,8,0,0,naive_threshold,0,,8
371,8,0,0,naive_threshold,0,,8
372,8,0,0,naive_threshold,0,,8
373,8,0,0,naive_threshold,0,,8
374,8,0,0,naive_threshold,0,,8
375,8,0,0,naive_threshold,0,,8
376,8,0,0,naive_threshold,0,,8
377,8,0,0,naive_threshold,0,,8
378,8,0,0,naive_threshold,0,,8
379,8,0,0,naive_threshold,0,,8
380,8,0,0,naive_threshold,0,,8
381,8,0,0,naive_threshold,0,,8
382,8,0,0,naive_threshold,0,,8
383,8,0,0,naive_threshold,0,,8
384,8,0,0,naive_threshold,0,,8
385,8,0,0,naive_threshold,0,,8
386,8,0,0,naive_threshold,0,,8
387,8,0,0,naive_threshold,0,,8
388,8,0,0,naive_threshold,0,,8
389,8,0,0,naive_threshold,0,,8
390,8,0,0,naive_threshold,0,,8
391,8,0,0,naive_threshold,0,,8
392,8,0,0,naive_threshold,0,,8
393,8,0,0,naive_threshold,0,,8
394,8,0,0,naive_threshold,0,,8
395,8,0,0,naive_threshold,0,,8
396,8,0,0,naive_threshold,0,,8
397,8,0,0,naive_threshold,0,,8
398,8,0,0,naive_threshold,0,,8
399,8,0,0,naive_threshold,0,,8
2700,8,12,1,naive_threshold,1,,8
2701,8,12,1,naive_threshold,1,,8
2702,8,12,1,naive_threshold,1,,8
2703,8,12,1,naive_threshold,1,,8
2704,8,12,1,naive_threshold,1,,8
2705,8,12,1,naive_threshold,1,,8
2706,8,12,1,naive_threshold,1,,8
2707,8,12,1,naive_threshold,1,,8
2708,8,12,1,naive_threshold,1,,8
2709,8,12,1,naive_threshold,1,,8
2710,8,12,1,naive_threshold,1,,8
2711,8,12,1,naive_threshold,1,,8
2712,8,12,1,naive_threshold,1,,8
2713,8,12,1,naive_threshold,1,,8
2714,8,12,1,naive_threshold,1,,8
2715,8,12,1,naive_threshold,1,,8
2716,8,12,1,naive_threshold,1,,8
2717,8,12,1,naive_threshold,1,,8
2718,8,12,1,naive_threshold,1,,8
2719,8,12,1,naive_threshold,1,,8
2720,8,12,1,naive_threshold,1,,8
2721,8,12,1,naive_threshold,1,,8
2722,8,12,1,naive_threshold,1,,8
2723,8,12,1,naive_threshold,1,,8
2724,8,12,1,naive_threshold,1,,8
2725,8,12,1,naive_threshold,1,,8
2726,8,12,1,naive_threshold,1,,8
2727,8,12,1,naive_threshold,1,,8
2728,8,12,1,naive_threshold,1,,8
2729,8,12,1,naive_threshold,1,,8
2730,8,12,1,naive_threshold,1,,8
2731,8,12,1,naive_threshold,1,,8
2732,8,12,1,naive_threshold,1,,8
2733,8,12,1,naive_threshold,1,,8
2734,8,12,1,naive_threshold,1,,8
2735,8,12,1,naive_threshold,1,,8
2736,8,12,1,naive_threshold,1,,8
2737,8,12,1,naive_threshold,1,,8
2738,8,12,1,naive_threshold,1,,8
2739,8,12,1,naive_threshold,1,,8
2740,8,12,1,naive_threshold,1,,8
2741,8,12,1,naive_threshold,1,,8
2742,8,12,1,naive_threshold,1,,8
2743,8,12,1,naive_threshold,1,,8
2744,8,12,1,naive_threshold,1,,8
2745,8,12,1,naive_threshold,1,,8
2746,8,12,1,naive_threshold,1,,8
2747,8,12,1,naive_threshold,1,,8
2748,8,12,1,naive_threshold,1,,8
2749,8,12,1,naive_threshold,1,,8
2750,8,12,1,naive_threshold,1,,8
2751,8,12,1,naive_threshold,1,,8
2752,8,12,1,naive_threshold,1,,8
2753,8,12,1,naive_threshold,1,,8
2754,8,12,1,naive_threshold,1,,8
2755,8,12,1,naive_threshold,1,,8
2756,8,12,1,naive_threshold,1,,8
2757,8,12,1,naive_threshold,1,,8
2758,8,12,1,naive_threshold,1,,8
2759,8,12,1,naive_threshold,1,,8
2760,8,12,1,naive_threshold,1,,8
2761,8,12,1,naive_threshold,1,,8
2762,8,12,1,naive_threshold,1,,8
2763,8,12,1,naive_threshold,1,,8
2764,8,12,1,naive_threshold,1,,8
2765,8,12,1,naive_threshold,1,,8
2766,8,12,1,naive_threshold,1,,8
2767,8,12,1,naive_threshold,1,,8
2768,8,12,1,naive_threshold,1,,8
2769,8,12,1,naive_threshold,1,,8
2770,8,12,1,naive_threshold,1,,8
2771,8,12,1,naive_threshold,1,,8
2772,8,12,1,naive_threshold,1,,8
2773,8,12,1,naive_threshold,1,,8
2774,8,12,1,naive_threshold,1,,8
2775,8,12,1,naive_threshold,1,,8
2776,8,12,1,naive_threshold,1,,8
2777,8,12,1,naive_threshold,1,,8
2778,8,12,1,naive_threshold,1,,8
2779,8,12,1,naive_threshold,1,,8
2780,8,12,1,naive_threshold,1,,8
2781,8,12,1,naive_threshold,1,,8
2782,8,12,1,naive_threshold,1,,8
2783,8,12,1,naive_threshold,1,,8
2784,8,12,1,naive_threshold,1,,8
2785,8,12,1,naive_threshold,1,,8
2786,8,12,1,naive_threshold,1,,8
2787,8,12,1,naive_threshold,1,,8
2788,8,12,1,naive_threshold,1,,8
2789,8,12,1,naive_threshold,1,,8
2790,8,12,1,naive_threshold,1,,8
2791,8,12,1,naive_threshold,1,,8
2792,8,12,1,naive_threshold,1,,8
2793,8,12,1,naive_threshold,1,,8
2794,8,12,1,naive_threshold,1,,8
2795,8,12,1,naive_threshold,1,,8
2796,8,12,1,naive_threshold,1,,8
2797,8,12,1,naive_threshold,1,,8
2798,8,12,1,naive_threshold,1,,8
2799,8,12,1,naive_threshold,1,,8
300,8,0,0,state_aware,0,0.0027438320706549635,8
301,8,0,0,state_aware,0,0.0028733757674075217,8
302,8,0,0,state_aware,0,0.0028711259011623223,8
303,8,0,0,state_aware,0,0.002870609934359246,8
304,8,0,0,state_aware,0,0.002871043702538737,8
305,8,0,0,state_aware,0,0.0028699084336999228,8
306,8,0,0,state_aware,0,0.0028691107171230977,8
307,8,0,0,state_aware,0,0.002867814538063421,8
308,8,0,0,state_aware,0,0.002825748106675682,8
309,8,0,0,state_aware,0,0.0028298277513011424,8
310,8,0,0,state_aware,0,0.002829523708136631,8
311,8,0,0,state_aware,0,0.0028290913715067604,8
312,8,0,0,state_aware,0,0.002828917456658691,8
313,8,0,0,state_aware,0,0.0028287977360013836,8
314,8,0,0,state_aware,0,0.0028283298621080357,8
315,8,0,0,state_aware,0,0.002826229757854137,8
316,8,0,0,state_aware,0,0.0028165540058191748,8
317,8,0,0,state_aware,0,0.0028151778550238866,8
318,8,0,0,state_aware,0,0.002813090465265456,8
319,8,0,0,state_aware,0,0.002812889168704254,8
320,8,0,0,state_aware,0,0.0027440800320832595,8
321,8,0,0,state_aware,0,0.002878708801067006,8
322,8,0,0,state_aware,0,0.002877539304967137,8
323,8,0,0,state_aware,0,0.0028770279648206868,8
324,8,0,0,state_aware,0,0.0028772281118160446,8
325,8,0,0,state_aware,0,0.0028753492869856095,8
326,8,0,0,state_aware,0,0.002875157673949774,8
327,8,0,0,state_aware,0,0.0028751743394576043,8
328,8,0,0,state_aware,0,0.0028254834540246115,8
329,8,0,0,state_aware,0,0.0028294653023131842,8
330,8,0,0,state_aware,0,0.0028294926978232166,8
331,8,0,0,state_aware,0,0.002828605491948236,8
332,8,0,0,state_aware,0,0.002828519343155412,8
333,8,0,0,state_aware,0,0.002828045291338888,8
334,8,0,0,state_aware,0,0.0028280328853101068,8
335,8,0,0,state_aware,0,0.0028247288775593237,8
336,8,0,0,state_aware,0,0.002815930890880631,8
337,8,0,0,state_aware,0,0.0028173417625862647,8
338,8,0,0,state_aware,0,0.002816838257623479,8
339,8,0,0,state_aware,0,0.002816554749816906,8
340,8,0,0,state_aware,0,0.0027358630063028817,8
341,8,0,0,state_aware,0,0.0028081413277465167,8
342,8,0,0,state_aware,0,0.002806952514141437,8
343,8,0,0,state_aware,0,0.0028069954415630835,8
344,8,0,0,state_aware,0,0.0028068901565230643,8
345,8,0,0,state_aware,0,0.0028053470504863353,8
346,8,0,0,state_aware,0,0.0028050324388976893,8
347,8,0,0,state_aware,0,0.002804414214913047,8
348,8,0,0,state_aware,0,0.00276973904019128,8
349,8,0,0,state_aware,0,0.0028384681404223858,8
350,8,0,0,state_aware,0,0.0028378801487653933,8
351,8,0,0,state_aware,0,0.0028375693080470677,8
352,8,0,0,state_aware,0,0.0028366224401729406,8
353,8,0,0,state_aware,0,0.0028368303951048935,8
354,8,0,0,state_aware,0,0.002837012951574647,8
355,8,0,0,state_aware,0,0.002833917509038108,8
356,8,0,0,state_aware,0,0.0028159487866748004,8
357,8,0,0,state_aware,0,0.002815757727720703,8
358,8,0,0,state_aware,0,0.0028149792941963548,8
359,8,0,0,state_aware,0,0.0028145651564928267,8
360,8,0,0,state_aware,0,0.0027363838136249177,8
361,8,0,0,state_aware,0,0.00286530897806313,8
362,8,0,0,state_aware,0,0.002864236363981393,8
363,8,0,0,state_aware,0,0.0028641720071160754,8
364,8,0,0,state_aware,0,0.0028639335768458184,8
365,8,0,0,state_aware,0,0.0028621246681138288,8
366,8,0,0,state_aware,0,0.0028623728606104793,8
367,8,0,0,state_aware,0,0.0028621132192597435,8
368,8,0,0,state_aware,0,0.0028247980869833414,8
369,8,0,0,state_aware,0,0.0028320176297837855,8
370,8,0,0,state_aware,0,0.0028308704801747984,8
371,8,0,0,state_aware,0,0.0028315636391219026,8
372,8,0,0,state_aware,0,0.002831098138556501,8
373,8,0,0,state_aware,0,0.0028313835074734238,8
374,8,0,0,state_aware,0,0.0028285774533963154,8
375,8,0,0,state_aware,0,0.002827506514044372,8
376,8,0,0,state_aware,0,0.0028166954278808515,8
377,8,0,0,state_aware,0,0.0028171099250884706,8
378,8,0,0,state_aware,0,0.0028169249065708463,8
379,8,0,0,state_aware,0,0.0028169452858659433,8
380,8,0,0,state_aware,0,0.002739432356429866,8
381,8,0,0,state_aware,0,0.002809297286155938,8
382,8,0,0,state_aware,0,0.002808322484869575,8
383,8,0,0,state_aware,0,0.0028084598801076245,8
384,8,0,0,state_aware,0,0.0028081433755023874,8
385,8,0,0,state_aware,0,0.0028707644418971513,8
386,8,0,0,state_aware,0,0.002806476912422009,8
387,8,0,0,state_aware,0,0.0028061560112600677,8
388,8,0,0,state_aware,0,0.0028216431607263836,8
389,8,0,0,state_aware,0,0.0028293508783173173,8
390,8,0,0,state_aware,0,0.0028296717753278286,8
391,8,0,0,state_aware,0,0.002828663295577975,8
392,8,0,0,state_aware,0,0.0028283091100313046,8
393,8,0,0,state_aware,0,0.0028285746144916064,8
394,8,0,0,state_aware,0,0.0028265374171897047,8
395,8,0,0,state_aware,0,0.002840179835776846,8
396,8,0,0,state_aware,0,0.0028114805332856915,8
397,8,0,0,state_aware,0,0.0028174175407653826,8
398,8,0,0,state_aware,0,0.0028167270418399393,8
399,8,0,0,state_aware,0,0.0028159493362706245,8
2700,8,12,1,state_aware,1,0.989748682757848,8
2701,8,12,1,state_aware,1,0.9987519401406005,8
2702,8,12,1,state_aware,1,0.9987514471349244,8
2703,8,12,1,state_aware,1,0.9987509236068798,8
2704,8,12,1,state_aware,1,0.9987513132753943,8
2705,8,12,1,state_aware,1,0.9987506451596649,8
2706,8,12,1,state_aware,1,0.9987505120152737,8
2707,8,12,1,state_aware,1,0.9987502523612606,8
2708,8,12,1,state_aware,1,0.9994590500664017,8
2709,8,12,1,state_aware,1,0.9986746696199684,8
2710,8,12,1,state_aware,1,0.9986747428720515,8
2711,8,12,1,state_aware,1,0.9986745685933655,8
2712,8,12,1,state_aware,1,0.9986742691800115,8
2713,8,12,1,state_aware,1,0.9986741161766296,8
2714,8,12,1,state_aware,1,0.9986743158551025,8
2715,8,12,1,state_aware,1,0.998672885531149,8
2716,8,12,1,state_aware,1,0.9994293996367017,8
2717,8,12,1,state_aware,1,0.9986548319101614,8
2718,8,12,1,state_aware,1,0.9986545911942094,8
2719,8,12,1,state_aware,1,0.9986543613446701,8
2720,8,12,1,state_aware,1,0.9987479436578202,8
2721,8,12,1,state_aware,1,0.9896922131953234,8
2722,8,12,1,state_aware,1,0.998746970218238,8
2723,8,12,1,state_aware,1,0.9987469864818722,8
2724,8,12,1,state_aware,1,0.9987469400483057,8
2725,8,12,1,state_aware,1,0.9987460980507514,8
2726,8,12,1,state_aware,1,0.9987463222755691,8
2727,8,12,1,state_aware,1,0.9987462069045476,8
2728,8,12,1,state_aware,1,0.9994579740739934,8
2729,8,12,1,state_aware,1,0.9986696601760973,8
2730,8,12,1,state_aware,1,0.9986693375056291,8
2731,8,12,1,state_aware,1,0.9986692122341585,8
2732,8,12,1,state_aware,1,0.998668881813432,8
2733,8,12,1,state_aware,1,0.9986689687394241,8
2734,8,12,1,state_aware,1,0.9986689518968552,8
2735,8,12,1,state_aware,1,0.9986681863628659,8
2736,8,12,1,state_aware,1,0.9994292674984577,8
2737,8,12,1,state_aware,1,0.9986565003557835,8
2738,8,12,1,state_aware,1,0.9986562768347034,8
2739,8,12,1,state_aware,1,0.9986563264271331,8
2740,8,12,1,state_aware,1,0.9897555388378089,8
2741,8,12,1,state_aware,1,0.9987508342628292,8
2742,8,12,1,state_aware,1,0.9987502266961384,8
2743,8,12,1,state_aware,1,0.998750229980408,8
2744,8,12,1,state_aware,1,0.998750551127345,8
2745,8,12,1,state_aware,1,0.9987498041455641,8
2746,8,12,1,state_aware,1,0.9987498389263129,8
2747,8,12,1,state_aware,1,0.9987497397395917,8
2748,8,12,1,state_aware,1,0.9994559646651552,8
2749,8,12,1,state_aware,1,0.9986778073601698,8
2750,8,12,1,state_aware,1,0.9986779736304479,8
2751,8,12,1,state_aware,1,0.9986778486191883,8
2752,8,12,1,state_aware,1,0.9986775192882204,8
2753,8,12,1,state_aware,1,0.9986773928192,8
2754,8,12,1,state_aware,1,0.9986764261633122,8
2755,8,12,1,state_aware,1,0.9986765872297995,8
2756,8,12,1,state_aware,1,0.9994306430305907,8
2757,8,12,1,state_aware,1,0.9986536667313949,8
2758,8,12,1,state_aware,1,0.9986533161436083,8
2759,8,12,1,state_aware,1,0.9986531181296826,8
2760,8,12,1,state_aware,1,0.9995003790633715,8
2761,8,12,1,state_aware,1,0.9977585811819812,8
2762,8,12,1,state_aware,1,0.9901948098568055,8
2763,8,12,1,state_aware,1,0.9995001179474233,8
2764,8,12,1,state_aware,1,0.9977574639091987,8
2765,8,12,1,state_aware,1,0.9994997484521424,8
2766,8,12,1,state_aware,1,0.9994996614359611,8
2767,8,12,1,state_aware,1,0.9994997196827298,8
2768,8,12,1,state_aware,1,0.9994816174404416,8
2769,8,12,1,state_aware,1,0.999481780338857,8
2770,8,12,1,state_aware,1,0.9994817021690986,8
2771,8,12,1,state_aware,1,0.9994689486290621,8
2772,8,12,1,state_aware,1,0.9994688245941563,8
2773,8,12,1,state_aware,1,0.9994687338813691,8
2774,8,12,1,state_aware,1,0.9994687966219701,8
2775,8,12,1,state_aware,1,0.9994685912714202,8
2776,8,12,1,state_aware,1,0.9994506514961424,8
2777,8,12,1,state_aware,1,0.9994532906044785,8
2778,8,12,1,state_aware,1,0.999453126161414,8
2779,8,12,1,state_aware,1,0.9994285651522063,8
2780,8,12,1,state_aware,1,0.9897306009139448,8
2781,8,12,1,state_aware,1,0.9987486366017667,8
2782,8,12,1,state_aware,1,0.998747724996048,8
2783,8,12,1,state_aware,1,0.9987477558257798,8
2784,8,12,1,state_aware,1,0.9987472120865679,8
2785,8,12,1,state_aware,1,0.9987471411277455,8
2786,8,12,1,state_aware,1,0.9987469305554766,8
2787,8,12,1,state_aware,1,0.9987468774183244,8
2788,8,12,1,state_aware,1,0.9994597129963236,8
2789,8,12,1,state_aware,1,0.9986794694711212,8
2790,8,12,1,state_aware,1,0.9986792802990356,8
2791,8,12,1,state_aware,1,0.9986788899422845,8
2792,8,12,1,state_aware,1,0.99867857158412,8
2793,8,12,1,state_aware,1,0.9986784632182711,8
2794,8,12,1,state_aware,1,0.9986785411732481,8
2795,8,12,1,state_aware,1,0.9986771693879434,8
2796,8,12,1,state_aware,1,0.9994302990755409,8
2797,8,12,1,state_aware,1,0.9986629120324357,8
2798,8,12,1,state_aware,1,0.998662688567252,8
2799,8,12,1,state_aware,1,0.9986624820183343,8
400,12,0,0,naive_threshold,0,,12
401,12,0,0,naive_threshold,0,,12
402,12,0,0,naive_threshold,0,,12
403,12,0,0,naive_threshold,0,,12
404,12,0,0,naive_threshold,0,,12
405,12,0,0,naive_threshold,0,,12
406,12,0,0,naive_threshold,0,,12
407,12,0,0,naive_threshold,0,,12
408,12,0,0,naive_threshold,0,,12
409,12,0,0,naive_threshold,0,,12
410,12,0,0,naive_threshold,0,,12
411,12,0,0,naive_threshold,0,,12
412,12,0,0,naive_threshold,0,,12
413,12,0,0,naive_threshold,0,,12
414,12,0,0,naive_threshold,0,,12
415,12,0,0,naive_threshold,0,,12
416,12,0,0,naive_threshold,0,,12
417,12,0,0,naive_threshold,0,,12
418,12,0,0,naive_threshold,0,,12
419,12,0,0,naive_threshold,0,,12
420,12,0,0,naive_threshold,0,,12
421,12,0,0,naive_threshold,0,,12
422,12,0,0,naive_threshold,0,,12
423,12,0,0,naive_threshold,0,,12
424,12,0,0,naive_threshold,0,,12
425,12,0,0,naive_threshold,0,,12
426,12,0,0,naive_threshold,0,,12
427,12,0,0,naive_threshold,0,,12
428,12,0,0,naive_threshold,0,,12
429,12,0,0,naive_threshold,0,,12
430,12,0,0,naive_threshold,0,,12
431,12,0,0,naive_threshold,0,,12
432,12,0,0,naive_threshold,0,,12
433,12,0,0,naive_threshold,0,,12
434,12,0,0,naive_threshold,0,,12
435,12,0,0,naive_threshold,0,,12
436,12,0,0,naive_threshold,0,,12
437,12,0,0,naive_threshold,0,,12
438,12,0,0,naive_threshold,0,,12
439,12,0,0,naive_threshold,0,,12
440,12,0,0,naive_threshold,0,,12
441,12,0,0,naive_threshold,0,,12
442,12,0,0,naive_threshold,0,,12
443,12,0,0,naive_threshold,0,,12
444,12,0,0,naive_threshold,0,,12
445,12,0,0,naive_threshold,0,,12
446,12,0,0,naive_threshold,0,,12
447,12,0,0,naive_threshold,0,,12
448,12,0,0,naive_threshold,0,,12
449,12,0,0,naive_threshold,0,,12
450,12,0,0,naive_threshold,0,,12
451,12,0,0,naive_threshold,0,,12
452,12,0,0,naive_threshold,0,,12
453,12,0,0,naive_threshold,0,,12
454,12,0,0,naive_threshold,0,,12
455,12,0,0,naive_threshold,0,,12
456,12,0,0,naive_threshold,0,,12
457,12,0,0,naive_threshold,0,,12
458,12,0,0,naive_threshold,0,,12
459,12,0,0,naive_threshold,0,,12
460,12,0,0,naive_threshold,0,,12
461,12,0,0,naive_threshold,0,,12
462,12,0,0,naive_threshold,0,,12
463,12,0,0,naive_threshold,0,,12
464,12,0,0,naive_threshold,0,,12
465,12,0,0,naive_threshold,0,,12
466,12,0,0,naive_threshold,0,,12
467,12,0,0,naive_threshold,0,,12
468,12,0,0,naive_threshold,0,,12
469,12,0,0,naive_threshold,0,,12
470,12,0,0,naive_threshold,0,,12
471,12,0,0,naive_threshold,0,,12
472,12,0,0,naive_threshold,0,,12
473,12,0,0,naive_threshold,0,,12
474,12,0,0,naive_threshold,0,,12
475,12,0,0,naive_threshold,0,,12
476,12,0,0,naive_threshold,0,,12
477,12,0,0,naive_threshold,0,,12
478,12,0,0,naive_threshold,0,,12
479,12,0,0,naive_threshold,0,,12
480,12,0,0,naive_threshold,0,,12
481,12,0,0,naive_threshold,0,,12
482,12,0,0,naive_threshold,0,,12
483,12,0,0,naive_threshold,0,,12
484,12,0,0,naive_threshold,0,,12
485,12,0,0,naive_threshold,0,,12
486,12,0,0,naive_threshold,0,,12
487,12,0,0,naive_threshold,0,,12
488,12,0,0,naive_threshold,0,,12
489,12,0,0,naive_threshold,0,,12
490,12,0,0,naive_threshold,0,,12
491,12,0,0,naive_threshold,0,,12
492,12,0,0,naive_threshold,0,,12
493,12,0,0,naive_threshold,0,,12
494,12,0,0,naive_threshold,0,,12
495,12,0,0,naive_threshold,0,,12
496,12,0,0,naive_threshold,0,,12
497,12,0,0,naive_threshold,0,,12
498,12,0,0,naive_threshold,0,,12
499,12,0,0,naive_threshold,0,,12
2800,12,12,1,naive_threshold,1,,12
2801,12,12,1,naive_threshold,1,,12
2802,12,12,1,naive_threshold,1,,12
2803,12,12,1,naive_threshold,1,,12
2804,12,12,1,naive_threshold,1,,12
2805,12,12,1,naive_threshold,1,,12
2806,12,12,1,naive_threshold,1,,12
2807,12,12,1,naive_threshold,1,,12
2808,12,12,1,naive_threshold,1,,12
2809,12,12,1,naive_threshold,1,,12
2810,12,12,1,naive_threshold,1,,12
2811,12,12,1,naive_threshold,1,,12
2812,12,12,1,naive_threshold,1,,12
2813,12,12,1,naive_threshold,1,,12
2814,12,12,1,naive_threshold,1,,12
2815,12,12,1,naive_threshold,1,,12
2816,12,12,1,naive_threshold,1,,12
2817,12,12,1,naive_threshold,1,,12
2818,12,12,1,naive_threshold,1,,12
2819,12,12,1,naive_threshold,1,,12
2820,12,12,1,naive_threshold,1,,12
2821,12,12,1,naive_threshold,1,,12
2822,12,12,1,naive_threshold,1,,12
2823,12,12,1,naive_threshold,1,,12
2824,12,12,1,naive_threshold,1,,12
2825,12,12,1,naive_threshold,1,,12
2826,12,12,1,naive_threshold,1,,12
2827,12,12,1,naive_threshold,1,,12
2828,12,12,1,naive_threshold,1,,12
2829,12,12,1,naive_threshold,1,,12
2830,12,12,1,naive_threshold,1,,12
2831,12,12,1,naive_threshold,1,,12
2832,12,12,1,naive_threshold,1,,12
2833,12,12,1,naive_threshold,1,,12
2834,12,12,1,naive_threshold,1,,12
2835,12,12,1,naive_threshold,1,,12
2836,12,12,1,naive_threshold,1,,12
2837,12,12,1,naive_threshold,1,,12
2838,12,12,1,naive_threshold,1,,12
2839,12,12,1,naive_threshold,1,,12
2840,12,12,1,naive_threshold,1,,12
2841,12,12,1,naive_threshold,1,,12
2842,12,12,1,naive_threshold,1,,12
2843,12,12,1,naive_threshold,1,,12
2844,12,12,1,naive_threshold,1,,12
2845,12,12,1,naive_threshold,1,,12
2846,12,12,1,naive_threshold,1,,12
2847,12,12,1,naive_threshold,1,,12
2848,12,12,1,naive_threshold,1,,12
2849,12,12,1,naive_threshold,1,,12
2850,12,12,1,naive_threshold,1,,12
2851,12,12,1,naive_threshold,1,,12
2852,12,12,1,naive_threshold,1,,12
2853,12,12,1,naive_threshold,1,,12
2854,12,12,1,naive_threshold,1,,12
2855,12,12,1,naive_threshold,1,,12
2856,12,12,1,naive_threshold,1,,12
2857,12,12,1,naive_threshold,1,,12
2858,12,12,1,naive_threshold,1,,12
2859,12,12,1,naive_threshold,1,,12
2860,12,12,1,naive_threshold,1,,12
2861,12,12,1,naive_threshold,1,,12
2862,12,12,1,naive_threshold,1,,12
2863,12,12,1,naive_threshold,1,,12
2864,12,12,1,naive_threshold,1,,12
2865,12,12,1,naive_threshold,1,,12
2866,12,12,1,naive_threshold,1,,12
2867,12,12,1,naive_threshold,1,,12
2868,12,12,1,naive_threshold,1,,12
2869,12,12,1,naive_threshold,1,,12
2870,12,12,1,naive_threshold,1,,12
2871,12,12,1,naive_threshold,1,,12
2872,12,12,1,naive_threshold,1,,12
2873,12,12,1,naive_threshold,1,,12
2874,12,12,1,naive_threshold,1,,12
2875,12,12,1,naive_threshold,1,,12
2876,12,12,1,naive_threshold,1,,12
2877,12,12,1,naive_threshold,1,,12
2878,12,12,1,naive_threshold,1,,12
2879,12,12,1,naive_threshold,1,,12
2880,12,12,1,naive_threshold,1,,12
2881,12,12,1,naive_threshold,1,,12
2882,12,12,1,naive_threshold,1,,12
2883,12,12,1,naive_threshold,1,,12
2884,12,12,1,naive_threshold,1,,12
2885,12,12,1,naive_threshold,1,,12
2886,12,12,1,naive_threshold,1,,12
2887,12,12,1,naive_threshold,1,,12
2888,12,12,1,naive_threshold,1,,12
2889,12,12,1,naive_threshold,1,,12
2890,12,12,1,naive_threshold,1,,12
2891,12,12,1,naive_threshold,1,,12
2892,12,12,1,naive_threshold,1,,12
2893,12,12,1,naive_threshold,1,,12
2894,12,12,1,naive_threshold,1,,12
2895,12,12,1,naive_threshold,1,,12
2896,12,12,1,naive_threshold,1,,12
2897,12,12,1,naive_threshold,1,,12
2898,12,12,1,naive_threshold,1,,12
2899,12,12,1,naive_threshold,1,,12
400,12,0,0,state_aware,0,0.002935413220004229,12
401,12,0,0,state_aware,0,0.002803889930511232,12
402,12,0,0,state_aware,0,0.002934468424332078,12
403,12,0,0,state_aware,0,0.0029348007970223743,12
404,12,0,0,state_aware,0,0.0029342147673410493,12
405,12,0,0,state_aware,0,0.0029326045454069307,12
406,12,0,0,state_aware,0,0.002932774288505088,12
407,12,0,0,state_aware,0,0.002932647443030634,12
408,12,0,0,state_aware,0,0.0029321137299453477,12
409,12,0,0,state_aware,0,0.0029299489302902315,12
410,12,0,0,state_aware,0,0.0029307109465381755,12
411,12,0,0,state_aware,0,0.0029303108135612563,12
412,12,0,0,state_aware,0,0.0028580717287881954,12
413,12,0,0,state_aware,0,0.002852881552627095,12
414,12,0,0,state_aware,0,0.002851168303624749,12
415,12,0,0,state_aware,0,0.0028506110222534633,12
416,12,0,0,state_aware,0,0.0028509826054000354,12
417,12,0,0,state_aware,0,0.00285051361777185,12
418,12,0,0,state_aware,0,0.002850786033493723,12
419,12,0,0,state_aware,0,0.0028498091977133344,12
420,12,0,0,state_aware,0,0.0028102567559947045,12
421,12,0,0,state_aware,0,0.0029395178839579333,12
422,12,0,0,state_aware,0,0.0029383320869791874,12
423,12,0,0,state_aware,0,0.0029377000256122867,12
424,12,0,0,state_aware,0,0.0029383323759419274,12
425,12,0,0,state_aware,0,0.0029366411827405877,12
426,12,0,0,state_aware,0,0.002935942552858065,12
427,12,0,0,state_aware,0,0.002935220155353698,12
428,12,0,0,state_aware,0,0.002936061898867046,12
429,12,0,0,state_aware,0,0.002933879393620968,12
430,12,0,0,state_aware,0,0.0029336389389050025,12
431,12,0,0,state_aware,0,0.0029342470033686474,12
432,12,0,0,state_aware,0,0.0028575842581903565,12
433,12,0,0,state_aware,0,0.002851418706171831,12
434,12,0,0,state_aware,0,0.002849947412247354,12
435,12,0,0,state_aware,0,0.002850069570884314,12
436,12,0,0,state_aware,0,0.0028497649761580163,12
437,12,0,0,state_aware,0,0.0028492409134627385,12
438,12,0,0,state_aware,0,0.0028496539977943304,12
439,12,0,0,state_aware,0,0.002849491623468873,12
440,12,0,0,state_aware,0,0.002941207772641185,12
441,12,0,0,state_aware,0,0.0028092744278956044,12
442,12,0,0,state_aware,0,0.0029397518300368886,12
443,12,0,0,state_aware,0,0.0029393133745825944,12
444,12,0,0,state_aware,0,0.00293786354022622,12
445,12,0,0,state_aware,0,0.0029381430829341533,12
446,12,0,0,state_aware,0,0.002937368789237276,12
447,12,0,0,state_aware,0,0.0029361047551824744,12
448,12,0,0,state_aware,0,0.002934799400685268,12
449,12,0,0,state_aware,0,0.0029357325804396646,12
450,12,0,0,state_aware,0,0.0029356917570467476,12
451,12,0,0,state_aware,0,0.0029350621730144565,12
452,12,0,0,state_aware,0,0.002857778861510299,12
453,12,0,0,state_aware,0,0.002853981705904258,12
454,12,0,0,state_aware,0,0.0028520551061220986,12
455,12,0,0,state_aware,0,0.0028519028875039127,12
456,12,0,0,state_aware,0,0.00285180142319118,12
457,12,0,0,state_aware,0,0.0028514521243446183,12
458,12,0,0,state_aware,0,0.0028506950284987254,12
459,12,0,0,state_aware,0,0.0028510433011956914,12
460,12,0,0,state_aware,0,0.0028793102248140063,12
461,12,0,0,state_aware,0,0.002803047690427351,12
462,12,0,0,state_aware,0,0.002878246116801524,12
463,12,0,0,state_aware,0,0.0028774892860182026,12
464,12,0,0,state_aware,0,0.002877673047000584,12
465,12,0,0,state_aware,0,0.0028756561668705294,12
466,12,0,0,state_aware,0,0.0028750269595278597,12
467,12,0,0,state_aware,0,0.002875438426360209,12
468,12,0,0,state_aware,0,0.0028738877665530813,12
469,12,0,0,state_aware,0,0.0028741142483819306,12
470,12,0,0,state_aware,0,0.0028727499597444527,12
471,12,0,0,state_aware,0,0.002873687007067572,12
472,12,0,0,state_aware,0,0.0027988298279554694,12
473,12,0,0,state_aware,0,0.002860233761003601,12
474,12,0,0,state_aware,0,0.0028595951137676077,12
475,12,0,0,state_aware,0,0.002859390702176836,12
476,12,0,0,state_aware,0,0.0028588638561163,12
477,12,0,0,state_aware,0,0.0028580313902344724,12
478,12,0,0,state_aware,0,0.0028581036067239877,12
479,12,0,0,state_aware,0,0.002858159377972419,12
480,12,0,0,state_aware,0,0.0029353164933603906,12
481,12,0,0,state_aware,0,0.002935677869370448,12
482,12,0,0,state_aware,0,0.0029339133147323975,12
483,12,0,0,state_aware,0,0.0028044032402472457,12
484,12,0,0,state_aware,0,0.0029342402971552985,12
485,12,0,0,state_aware,0,0.002932884628100996,12
486,12,0,0,state_aware,0,0.0029318285812183144,12
487,12,0,0,state_aware,0,0.002930871573442593,12
488,12,0,0,state_aware,0,0.002931106730728285,12
489,12,0,0,state_aware,0,0.0029303011165160665,12
490,12,0,0,state_aware,0,0.002930544205903499,12
491,12,0,0,state_aware,0,0.0029287788042865913,12
492,12,0,0,state_aware,0,0.0028577825511280877,12
493,12,0,0,state_aware,0,0.0028534824901362476,12
494,12,0,0,state_aware,0,0.002853098851189542,12
495,12,0,0,state_aware,0,0.0028529172469106746,12
496,12,0,0,state_aware,0,0.0028531692284111364,12
497,12,0,0,state_aware,0,0.0028525720130051506,12
498,12,0,0,state_aware,0,0.0028523279856976177,12
499,12,0,0,state_aware,0,0.002852037781338371,12
2800,12,12,1,state_aware,1,0.9907296985352292,12
2801,12,12,1,state_aware,1,0.9982628811651332,12
2802,12,12,1,state_aware,1,0.9982616756889674,12
2803,12,12,1,state_aware,1,0.9982617526958159,12
2804,12,12,1,state_aware,1,0.9982613486672787,12
2805,12,12,1,state_aware,1,0.9982608198500038,12
2806,12,12,1,state_aware,1,0.9982608657629659,12
2807,12,12,1,state_aware,1,0.9982603407681192,12
2808,12,12,1,state_aware,1,0.9982602795088533,12
2809,12,12,1,state_aware,1,0.9982599257814583,12
2810,12,12,1,state_aware,1,0.9982601406515151,12
2811,12,12,1,state_aware,1,0.9982598360389809,12
2812,12,12,1,state_aware,1,0.9994044911036906,12
2813,12,12,1,state_aware,1,0.9985560274516921,12
2814,12,12,1,state_aware,1,0.9985557903407675,12
2815,12,12,1,state_aware,1,0.9985552763442319,12
2816,12,12,1,state_aware,1,0.9985553218000823,12
2817,12,12,1,state_aware,1,0.9985552554034589,12
2818,12,12,1,state_aware,1,0.9985551118712566,12
2819,12,12,1,state_aware,1,0.9985549957679402,12
2820,12,12,1,state_aware,1,0.9982696887192616,12
2821,12,12,1,state_aware,1,0.9982698370182674,12
2822,12,12,1,state_aware,1,0.9907697583334902,12
2823,12,12,1,state_aware,1,0.9982688596666427,12
2824,12,12,1,state_aware,1,0.9982687871975032,12
2825,12,12,1,state_aware,1,0.9982684182726268,12
2826,12,12,1,state_aware,1,0.998268315271508,12
2827,12,12,1,state_aware,1,0.9982682823333796,12
2828,12,12,1,state_aware,1,0.9982677518734051,12
2829,12,12,1,state_aware,1,0.9982675614785551,12
2830,12,12,1,state_aware,1,0.9982676398172389,12
2831,12,12,1,state_aware,1,0.9982674507603458,12
2832,12,12,1,state_aware,1,0.9994014707943524,12
2833,12,12,1,state_aware,1,0.9985550998044861,12
2834,12,12,1,state_aware,1,0.9985544659667308,12
2835,12,12,1,state_aware,1,0.998554207814916,12
2836,12,12,1,state_aware,1,0.9985542118348464,12
2837,12,12,1,state_aware,1,0.9985541538692346,12
2838,12,12,1,state_aware,1,0.9985540574433253,12
2839,12,12,1,state_aware,1,0.9985539809706313,12
2840,12,12,1,state_aware,1,0.9907684847706391,12
2841,12,12,1,state_aware,1,0.998270426581542,12
2842,12,12,1,state_aware,1,0.9982699482478632,12
2843,12,12,1,state_aware,1,0.9982694907471599,12
2844,12,12,1,state_aware,1,0.9982686666587282,12
2845,12,12,1,state_aware,1,0.9982685825634626,12
2846,12,12,1,state_aware,1,0.9982685473169185,12
2847,12,12,1,state_aware,1,0.9982683517849102,12
2848,12,12,1,state_aware,1,0.9982672095371463,12
2849,12,12,1,state_aware,1,0.9982673294974655,12
2850,12,12,1,state_aware,1,0.9982669890693173,12
2851,12,12,1,state_aware,1,0.9982668639856196,12
2852,12,12,1,state_aware,1,0.9994003785472234,12
2853,12,12,1,state_aware,1,0.9985538438068766,12
2854,12,12,1,state_aware,1,0.9985533764479894,12
2855,12,12,1,state_aware,1,0.9985530566275099,12
2856,12,12,1,state_aware,1,0.9985527172189703,12
2857,12,12,1,state_aware,1,0.9985528958424038,12
2858,12,12,1,state_aware,1,0.9985527625381427,12
2859,12,12,1,state_aware,1,0.9985525758495678,12
2860,12,12,1,state_aware,1,0.9982800744889503,12
2861,12,12,1,state_aware,1,0.990822018591406,12
2862,12,12,1,state_aware,1,0.9982789838724607,12
2863,12,12,1,state_aware,1,0.9982786440427559,12
2864,12,12,1,state_aware,1,0.9982779496891885,12
2865,12,12,1,state_aware,1,0.9982775666664472,12
2866,12,12,1,state_aware,1,0.9982778156464222,12
2867,12,12,1,state_aware,1,0.9982768438871701,12
2868,12,12,1,state_aware,1,0.998276711929218,12
2869,12,12,1,state_aware,1,0.9982766389521632,12
2870,12,12,1,state_aware,1,0.9982766794613588,12
2871,12,12,1,state_aware,1,0.9982764449528182,12
2872,12,12,1,state_aware,1,0.9994014325821378,12
2873,12,12,1,state_aware,1,0.9985537797413298,12
2874,12,12,1,state_aware,1,0.9985536683556545,12
2875,12,12,1,state_aware,1,0.9985533813118976,12
2876,12,12,1,state_aware,1,0.9985530026729985,12
2877,12,12,1,state_aware,1,0.9985527348394657,12
2878,12,12,1,state_aware,1,0.9985524574015131,12
2879,12,12,1,state_aware,1,0.9985527135603437,12
2880,12,12,1,state_aware,1,0.9907422222734633,12
2881,12,12,1,state_aware,1,0.9982637341250556,12
2882,12,12,1,state_aware,1,0.9982631949256531,12
2883,12,12,1,state_aware,1,0.998263145731361,12
2884,12,12,1,state_aware,1,0.99826238870875,12
2885,12,12,1,state_aware,1,0.9982627661807054,12
2886,12,12,1,state_aware,1,0.9982622415062545,12
2887,12,12,1,state_aware,1,0.998261791292259,12
2888,12,12,1,state_aware,1,0.9982618346038072,12
2889,12,12,1,state_aware,1,0.9982616247472184,12
2890,12,12,1,state_aware,1,0.9982612528938525,12
2891,12,12,1,state_aware,1,0.9982603362894995,12
2892,12,12,1,state_aware,1,0.9994024166936444,12
2893,12,12,1,state_aware,1,0.9985553121745324,12
2894,12,12,1,state_aware,1,0.9985542568201691,12
2895,12,12,1,state_aware,1,0.9985539697928318,12
2896,12,12,1,state_aware,1,0.9985541701416029,12
2897,12,12,1,state_aware,1,0.9985541245537948,12
2898,12,12,1,state_aware,1,0.9985541597670313,12
2899,12,12,1,state_aware,1,0.9985538532404249,12
500,16,0,0,naive_threshold,0,,16
501,16,0,0,naive_threshold,0,,16
502,16,0,0,naive_threshold,0,,16
503,16,0,0,naive_threshold,0,,16
504,16,0,0,naive_threshold,0,,16
505,16,0,0,naive_threshold,0,,16
506,16,0,0,naive_threshold,0,,16
507,16,0,0,naive_threshold,0,,16
508,16,0,0,naive_threshold,0,,16
509,16,0,0,naive_threshold,0,,16
510,16,0,0,naive_threshold,0,,16
511,16,0,0,naive_threshold,0,,16
512,16,0,0,naive_threshold,0,,16
513,16,0,0,naive_threshold,0,,16
514,16,0,0,naive_threshold,0,,16
515,16,0,0,naive_threshold,0,,16
516,16,0,0,naive_threshold,0,,16
517,16,0,0,naive_threshold,0,,16
518,16,0,0,naive_threshold,0,,16
519,16,0,0,naive_threshold,0,,16
520,16,0,0,naive_threshold,0,,16
521,16,0,0,naive_threshold,0,,16
522,16,0,0,naive_threshold,0,,16
523,16,0,0,naive_threshold,0,,16
524,16,0,0,naive_threshold,0,,16
525,16,0,0,naive_threshold,0,,16
526,16,0,0,naive_threshold,0,,16
527,16,0,0,naive_threshold,0,,16
528,16,0,0,naive_threshold,0,,16
529,16,0,0,naive_threshold,0,,16
530,16,0,0,naive_threshold,0,,16
531,16,0,0,naive_threshold,0,,16
532,16,0,0,naive_threshold,0,,16
533,16,0,0,naive_threshold,0,,16
534,16,0,0,naive_threshold,0,,16
535,16,0,0,naive_threshold,0,,16
536,16,0,0,naive_threshold,0,,16
537,16,0,0,naive_threshold,0,,16
538,16,0,0,naive_threshold,0,,16
539,16,0,0,naive_threshold,0,,16
540,16,0,0,naive_threshold,0,,16
541,16,0,0,naive_threshold,0,,16
542,16,0,0,naive_threshold,0,,16
543,16,0,0,naive_threshold,0,,16
544,16,0,0,naive_threshold,0,,16
545,16,0,0,naive_threshold,0,,16
546,16,0,0,naive_threshold,0,,16
547,16,0,0,naive_threshold,0,,16
548,16,0,0,naive_threshold,0,,16
549,16,0,0,naive_threshold,0,,16
550,16,0,0,naive_threshold,0,,16
551,16,0,0,naive_threshold,0,,16
552,16,0,0,naive_threshold,0,,16
553,16,0,0,naive_threshold,0,,16
554,16,0,0,naive_threshold,0,,16
555,16,0,0,naive_threshold,0,,16
556,16,0,0,naive_threshold,0,,16
557,16,0,0,naive_threshold,0,,16
558,16,0,0,naive_threshold,0,,16
559,16,0,0,naive_threshold,0,,16
560,16,0,0,naive_threshold,0,,16
561,16,0,0,naive_threshold,0,,16
562,16,0,0,naive_threshold,0,,16
563,16,0,0,naive_threshold,0,,16
564,16,0,0,naive_threshold,0,,16
565,16,0,0,naive_threshold,0,,16
566,16,0,0,naive_threshold,0,,16
567,16,0,0,naive_threshold,0,,16
568,16,0,0,naive_threshold,0,,16
569,16,0,0,naive_threshold,0,,16
570,16,0,0,naive_threshold,0,,16
571,16,0,0,naive_threshold,0,,16
572,16,0,0,naive_threshold,0,,16
573,16,0,0,naive_threshold,0,,16
574,16,0,0,naive_threshold,0,,16
575,16,0,0,naive_threshold,0,,16
576,16,0,0,naive_threshold,0,,16
577,16,0,0,naive_threshold,0,,16
578,16,0,0,naive_threshold,0,,16
579,16,0,0,naive_threshold,0,,16
580,16,0,0,naive_threshold,0,,16
581,16,0,0,naive_threshold,0,,16
582,16,0,0,naive_threshold,0,,16
583,16,0,0,naive_threshold,0,,16
584,16,0,0,naive_threshold,0,,16
585,16,0,0,naive_threshold,0,,16
586,16,0,0,naive_threshold,0,,16
587,16,0,0,naive_threshold,0,,16
588,16,0,0,naive_threshold,0,,16
589,16,0,0,naive_threshold,0,,16
590,16,0,0,naive_threshold,0,,16
591,16,0,0,naive_threshold,0,,16
592,16,0,0,naive_threshold,0,,16
593,16,0,0,naive_threshold,0,,16
594,16,0,0,naive_threshold,0,,16
595,16,0,0,naive_threshold,0,,16
596,16,0,0,naive_threshold,0,,16
597,16,0,0,naive_threshold,0,,16
598,16,0,0,naive_threshold,0,,16
599,16,0,0,naive_threshold,0,,16
2900,16,12,1,naive_threshold,1,,16
2901,16,12,1,naive_threshold,1,,16
2902,16,12,1,naive_threshold,1,,16
2903,16,12,1,naive_threshold,1,,16
2904,16,12,1,naive_threshold,1,,16
2905,16,12,1,naive_threshold,1,,16
2906,16,12,1,naive_threshold,1,,16
2907,16,12,1,naive_threshold,1,,16
2908,16,12,1,naive_threshold,1,,16
2909,16,12,1,naive_threshold,1,,16
2910,16,12,1,naive_threshold,1,,16
2911,16,12,1,naive_threshold,1,,16
2912,16,12,1,naive_threshold,1,,16
2913,16,12,1,naive_threshold,1,,16
2914,16,12,1,naive_threshold,1,,16
2915,16,12,1,naive_threshold,1,,16
2916,16,12,1,naive_threshold,1,,16
2917,16,12,1,naive_threshold,1,,16
2918,16,12,1,naive_threshold,1,,16
2919,16,12,1,naive_threshold,1,,16
2920,16,12,1,naive_threshold,1,,16
2921,16,12,1,naive_threshold,1,,16
2922,16,12,1,naive_threshold,1,,16
2923,16,12,1,naive_threshold,1,,16
2924,16,12,1,naive_threshold,1,,16
2925,16,12,1,naive_threshold,1,,16
2926,16,12,1,naive_threshold,1,,16
2927,16,12,1,naive_threshold,1,,16
2928,16,12,1,naive_threshold,1,,16
2929,16,12,1,naive_threshold,1,,16
2930,16,12,1,naive_threshold,1,,16
2931,16,12,1,naive_threshold,1,,16
2932,16,12,1,naive_threshold,1,,16
2933,16,12,1,naive_threshold,1,,16
2934,16,12,1,naive_threshold,1,,16
2935,16,12,1,naive_threshold,1,,16
2936,16,12,1,naive_threshold,1,,16
2937,16,12,1,naive_threshold,1,,16
2938,16,12,1,naive_threshold,1,,16
2939,16,12,1,naive_threshold,1,,16
2940,16,12,1,naive_threshold,1,,16
2941,16,12,1,naive_threshold,1,,16
2942,16,12,1,naive_threshold,1,,16
2943,16,12,1,naive_threshold,1,,16
2944,16,12,1,naive_threshold,1,,16
2945,16,12,1,naive_threshold,1,,16
2946,16,12,1,naive_threshold,1,,16
2947,16,12,1,naive_threshold,1,,16
2948,16,12,1,naive_threshold,1,,16
2949,16,12,1,naive_threshold,1,,16
2950,16,12,1,naive_threshold,1,,16
2951,16,12,1,naive_threshold,1,,16
2952,16,12,1,naive_threshold,1,,16
2953,16,12,1,naive_threshold,1,,16
2954,16,12,1,naive_threshold,1,,16
2955,16,12,1,naive_threshold,1,,16
2956,16,12,1,naive_threshold,1,,16
2957,16,12,1,naive_threshold,1,,16
2958,16,12,1,naive_threshold,1,,16
2959,16,12,1,naive_threshold,1,,16
2960,16,12,1,naive_threshold,1,,16
2961,16,12,1,naive_threshold,1,,16
2962,16,12,1,naive_threshold,1,,16
2963,16,12,1,naive_threshold,1,,16
2964,16,12,1,naive_threshold,1,,16
2965,16,12,1,naive_threshold,1,,16
2966,16,12,1,naive_threshold,1,,16
2967,16,12,1,naive_threshold,1,,16
2968,16,12,1,naive_threshold,1,,16
2969,16,12,1,naive_threshold,1,,16
2970,16,12,1,naive_threshold,1,,16
2971,16,12,1,naive_threshold,1,,16
2972,16,12,1,naive_threshold,1,,16
2973,16,12,1,naive_threshold,1,,16
2974,16,12,1,naive_threshold,1,,16
2975,16,12,1,naive_threshold,1,,16
2976,16,12,1,naive_threshold,1,,16
2977,16,12,1,naive_threshold,1,,16
2978,16,12,1,naive_threshold,1,,16
2979,16,12,1,naive_threshold,1,,16
2980,16,12,1,naive_threshold,1,,16
2981,16,12,1,naive_threshold,1,,16
2982,16,12,1,naive_threshold,1,,16
2983,16,12,1,naive_threshold,1,,16
2984,16,12,1,naive_threshold,1,,16
2985,16,12,1,naive_threshold,1,,16
2986,16,12,1,naive_threshold,1,,16
2987,16,12,1,naive_threshold,1,,16
2988,16,12,1,naive_threshold,1,,16
2989,16,12,1,naive_threshold,1,,16
2990,16,12,1,naive_threshold,1,,16
2991,16,12,1,naive_threshold,1,,16
2992,16,12,1,naive_threshold,1,,16
2993,16,12,1,naive_threshold,1,,16
2994,16,12,1,naive_threshold,1,,16
2995,16,12,1,naive_threshold,1,,16
2996,16,12,1,naive_threshold,1,,16
2997,16,12,1,naive_threshold,1,,16
2998,16,12,1,naive_threshold,1,,16
2999,16,12,1,naive_threshold,1,,16
500,16,0,0,state_aware,0,0.0029792926233634114,16
501,16,0,0,state_aware,0,0.00297958475813033,16
502,16,0,0,state_aware,0,0.0029774762827089636,16
503,16,0,0,state_aware,0,0.0028286724257980435,16
504,16,0,0,state_aware,0,0.0029776465946148682,16
505,16,0,0,state_aware,0,0.0029748745460546518,16
506,16,0,0,state_aware,0,0.002974891182211105,16
507,16,0,0,state_aware,0,0.002974616642356561,16
508,16,0,0,state_aware,0,0.0029742583576629587,16
509,16,0,0,state_aware,0,0.002973685035079096,16
510,16,0,0,state_aware,0,0.0029724106391312666,16
511,16,0,0,state_aware,0,0.002971128860947723,16
512,16,0,0,state_aware,0,0.002970622227110375,16
513,16,0,0,state_aware,0,0.0029711302086243077,16
514,16,0,0,state_aware,0,0.0029720127672983785,16
515,16,0,0,state_aware,0,0.002968696053031803,16
516,16,0,0,state_aware,0,0.0028564987434325662,16
517,16,0,0,state_aware,0,0.0028421266988989504,16
518,16,0,0,state_aware,0,0.0028417185633898456,16
519,16,0,0,state_aware,0,0.0028411910025356794,16
520,16,0,0,state_aware,0,0.002975472711588438,16
521,16,0,0,state_aware,0,0.0029746534048507843,16
522,16,0,0,state_aware,0,0.002974288867767207,16
523,16,0,0,state_aware,0,0.0029729105519112776,16
524,16,0,0,state_aware,0,0.0028232605821995626,16
525,16,0,0,state_aware,0,0.002971392294886056,16
526,16,0,0,state_aware,0,0.0029722213063543244,16
527,16,0,0,state_aware,0,0.002970196218437943,16
528,16,0,0,state_aware,0,0.0029698064337966568,16
529,16,0,0,state_aware,0,0.0029694140571808842,16
530,16,0,0,state_aware,0,0.002968646989149226,16
531,16,0,0,state_aware,0,0.0029682491851402634,16
532,16,0,0,state_aware,0,0.002968147816869909,16
533,16,0,0,state_aware,0,0.0029669857371911993,16
534,16,0,0,state_aware,0,0.002967170892035757,16
535,16,0,0,state_aware,0,0.0029644290113566324,16
536,16,0,0,state_aware,0,0.002853914277185099,16
537,16,0,0,state_aware,0,0.002844928679239622,16
538,16,0,0,state_aware,0,0.0028446495545585517,16
539,16,0,0,state_aware,0,0.0028443177440940688,16
540,16,0,0,state_aware,0,0.0029742182865879156,16
541,16,0,0,state_aware,0,0.002974290044575244,16
542,16,0,0,state_aware,0,0.0029724523399842625,16
543,16,0,0,state_aware,0,0.0028219846078668897,16
544,16,0,0,state_aware,0,0.002972358799633583,16
545,16,0,0,state_aware,0,0.002970438086977543,16
546,16,0,0,state_aware,0,0.0029706987948074203,16
547,16,0,0,state_aware,0,0.0029708197055088414,16
548,16,0,0,state_aware,0,0.002970084572664722,16
549,16,0,0,state_aware,0,0.0029666375428337053,16
550,16,0,0,state_aware,0,0.0029677833202000317,16
551,16,0,0,state_aware,0,0.002967242565743731,16
552,16,0,0,state_aware,0,0.002966604317900964,16
553,16,0,0,state_aware,0,0.0029662116208846326,16
554,16,0,0,state_aware,0,0.00296455818028501,16
555,16,0,0,state_aware,0,0.0029649625232458917,16
556,16,0,0,state_aware,0,0.002855262554112081,16
557,16,0,0,state_aware,0,0.0028422171159610122,16
558,16,0,0,state_aware,0,0.0028420106788991407,16
559,16,0,0,state_aware,0,0.0028418858955621307,16
560,16,0,0,state_aware,0,0.002828060464348728,16
561,16,0,0,state_aware,0,0.00297878735233377,16
562,16,0,0,state_aware,0,0.002977933502964966,16
563,16,0,0,state_aware,0,0.002976422503754733,16
564,16,0,0,state_aware,0,0.00297676589082062,16
565,16,0,0,state_aware,0,0.0029758345605286184,16
566,16,0,0,state_aware,0,0.0029753639300239597,16
567,16,0,0,state_aware,0,0.002974337608250962,16
568,16,0,0,state_aware,0,0.0029755268233790104,16
569,16,0,0,state_aware,0,0.0029735138937214195,16
570,16,0,0,state_aware,0,0.0029723898904638426,16
571,16,0,0,state_aware,0,0.0029723351491527544,16
572,16,0,0,state_aware,0,0.002971101665586713,16
573,16,0,0,state_aware,0,0.0029696128096582224,16
574,16,0,0,state_aware,0,0.0029711052933722153,16
575,16,0,0,state_aware,0,0.0029701745605312264,16
576,16,0,0,state_aware,0,0.0028553387903560066,16
577,16,0,0,state_aware,0,0.0028429378991029486,16
578,16,0,0,state_aware,0,0.002842745489962244,16
579,16,0,0,state_aware,0,0.002842556079785992,16
580,16,0,0,state_aware,0,0.0028337191558308575,16
581,16,0,0,state_aware,0,0.0029842343375046073,16
582,16,0,0,state_aware,0,0.0029827973825560967,16
583,16,0,0,state_aware,0,0.002981716722844575,16
584,16,0,0,state_aware,0,0.0029808975476329496,16
585,16,0,0,state_aware,0,0.002979856924942839,16
586,16,0,0,state_aware,0,0.0029807165940585923,16
587,16,0,0,state_aware,0,0.0029805357887748214,16
588,16,0,0,state_aware,0,0.0029784984274372314,16
589,16,0,0,state_aware,0,0.0029787718724597584,16
590,16,0,0,state_aware,0,0.002977009169642688,16
591,16,0,0,state_aware,0,0.002975681387014241,16
592,16,0,0,state_aware,0,0.0029761177473265005,16
593,16,0,0,state_aware,0,0.0029768344992019786,16
594,16,0,0,state_aware,0,0.0029765210269625973,16
595,16,0,0,state_aware,0,0.0029732957133181215,16
596,16,0,0,state_aware,0,0.002855970534903378,16
597,16,0,0,state_aware,0,0.002837654572314163,16
598,16,0,0,state_aware,0,0.0028355942606426493,16
599,16,0,0,state_aware,0,0.0028351515778916128,16
2900,16,12,1,state_aware,1,0.9986533145462421,16
2901,16,12,1,state_aware,1,0.9910201018885177,16
2902,16,12,1,state_aware,1,0.9986525457067865,16
2903,16,12,1,state_aware,1,0.9986524009186132,16
2904,16,12,1,state_aware,1,0.9986515796253999,16
2905,16,12,1,state_aware,1,0.9986519527886376,16
2906,16,12,1,state_aware,1,0.9986517227125002,16
2907,16,12,1,state_aware,1,0.9986517668744493,16
2908,16,12,1,state_aware,1,0.9986505898138821,16
2909,16,12,1,state_aware,1,0.9986502416947695,16
2910,16,12,1,state_aware,1,0.9986506890385696,16
2911,16,12,1,state_aware,1,0.9986506823896116,16
2912,16,12,1,state_aware,1,0.9986495484788916,16
2913,16,12,1,state_aware,1,0.9986495962733106,16
2914,16,12,1,state_aware,1,0.9986494643568815,16
2915,16,12,1,state_aware,1,0.998649488741989,16
2916,16,12,1,state_aware,1,0.999395870664562,16
2917,16,12,1,state_aware,1,0.99858013472925,16
2918,16,12,1,state_aware,1,0.9985801434711796,16
2919,16,12,1,state_aware,1,0.9985800058792912,16
2920,16,12,1,state_aware,1,0.9986534745853706,16
2921,16,12,1,state_aware,1,0.9986532364735123,16
2922,16,12,1,state_aware,1,0.9986526046999988,16
2923,16,12,1,state_aware,1,0.9909984644774397,16
2924,16,12,1,state_aware,1,0.998652504988206,16
2925,16,12,1,state_aware,1,0.9986522693256298,16
2926,16,12,1,state_aware,1,0.9986521427877952,16
2927,16,12,1,state_aware,1,0.9986519404539543,16
2928,16,12,1,state_aware,1,0.9986519109933804,16
2929,16,12,1,state_aware,1,0.9986513681994095,16
2930,16,12,1,state_aware,1,0.9986511171078829,16
2931,16,12,1,state_aware,1,0.9986508601530306,16
2932,16,12,1,state_aware,1,0.9986498091745627,16
2933,16,12,1,state_aware,1,0.9986492797068864,16
2934,16,12,1,state_aware,1,0.9986498327788198,16
2935,16,12,1,state_aware,1,0.9986499007919486,16
2936,16,12,1,state_aware,1,0.999393893358641,16
2937,16,12,1,state_aware,1,0.9985738192591825,16
2938,16,12,1,state_aware,1,0.9985739158811674,16
2939,16,12,1,state_aware,1,0.9985733257953601,16
2940,16,12,1,state_aware,1,0.9986434939973359,16
2941,16,12,1,state_aware,1,0.9909582965169653,16
2942,16,12,1,state_aware,1,0.998643157786005,16
2943,16,12,1,state_aware,1,0.9986426821695724,16
2944,16,12,1,state_aware,1,0.9986429262821123,16
2945,16,12,1,state_aware,1,0.9986418480608196,16
2946,16,12,1,state_aware,1,0.9986422320102365,16
2947,16,12,1,state_aware,1,0.9986418272435137,16
2948,16,12,1,state_aware,1,0.9986421313376042,16
2949,16,12,1,state_aware,1,0.9986413710607469,16
2950,16,12,1,state_aware,1,0.9986412792809981,16
2951,16,12,1,state_aware,1,0.9986411699457368,16
2952,16,12,1,state_aware,1,0.9986408930703948,16
2953,16,12,1,state_aware,1,0.9986396503150641,16
2954,16,12,1,state_aware,1,0.9986401998184972,16
2955,16,12,1,state_aware,1,0.9986400051582892,16
2956,16,12,1,state_aware,1,0.999396474693635,16
2957,16,12,1,state_aware,1,0.9985758021970413,16
2958,16,12,1,state_aware,1,0.9985756835577325,16
2959,16,12,1,state_aware,1,0.9985749910653635,16
2960,16,12,1,state_aware,1,0.9909729302901795,16
2961,16,12,1,state_aware,1,0.998645780032778,16
2962,16,12,1,state_aware,1,0.9986445631763009,16
2963,16,12,1,state_aware,1,0.998644731101824,16
2964,16,12,1,state_aware,1,0.998644459409385,16
2965,16,12,1,state_aware,1,0.9986443630845769,16
2966,16,12,1,state_aware,1,0.9986442167342169,16
2967,16,12,1,state_aware,1,0.9986439255874747,16
2968,16,12,1,state_aware,1,0.9986438266751788,16
2969,16,12,1,state_aware,1,0.9986430432105011,16
2970,16,12,1,state_aware,1,0.9986433087271389,16
2971,16,12,1,state_aware,1,0.9986427770301396,16
2972,16,12,1,state_aware,1,0.9986430300835878,16
2973,16,12,1,state_aware,1,0.9986410957785034,16
2974,16,12,1,state_aware,1,0.9986414595981136,16
2975,16,12,1,state_aware,1,0.9986413340755264,16
2976,16,12,1,state_aware,1,0.9993963298340358,16
2977,16,12,1,state_aware,1,0.9985770622801369,16
2978,16,12,1,state_aware,1,0.9985767678435464,16
2979,16,12,1,state_aware,1,0.9985760174718069,16
2980,16,12,1,state_aware,1,0.9909655666886331,16
2981,16,12,1,state_aware,1,0.9986437133104995,16
2982,16,12,1,state_aware,1,0.9986434372455294,16
2983,16,12,1,state_aware,1,0.9986429485078967,16
2984,16,12,1,state_aware,1,0.9986425970509931,16
2985,16,12,1,state_aware,1,0.9986420855528244,16
2986,16,12,1,state_aware,1,0.9986424262408311,16
2987,16,12,1,state_aware,1,0.9986414822165081,16
2988,16,12,1,state_aware,1,0.9986417284030435,16
2989,16,12,1,state_aware,1,0.9986417222967527,16
2990,16,12,1,state_aware,1,0.9986415326915189,16
2991,16,12,1,state_aware,1,0.9986411870700667,16
2992,16,12,1,state_aware,1,0.9986404739877178,16
2993,16,12,1,state_aware,1,0.9986401667601772,16
2994,16,12,1,state_aware,1,0.9986405105119966,16
2995,16,12,1,state_aware,1,0.998639541912568,16
2996,16,12,1,state_aware,1,0.9993929062317953,16
2997,16,12,1,state_aware,1,0.998573852055806,16
2998,16,12,1,state_aware,1,0.9985732830280355,16
2999,16,12,1,state_aware,1,0.9985730910309532,16
